[2025-10-07T20:36:33.559+0000] {manager.py:470} INFO - Processing files using up to 2 processes at a time 
[2025-10-07T20:36:33.560+0000] {manager.py:471} INFO - Process each file at most once every 30 seconds
[2025-10-07T20:36:33.561+0000] {manager.py:472} INFO - Checking for new files in /opt/airflow/dags every 300 seconds
[2025-10-07T20:36:33.561+0000] {manager.py:737} INFO - Searching for files in /opt/airflow/dags
[2025-10-07T20:36:33.564+0000] {manager.py:740} INFO - There are 1 files in /opt/airflow/dags
[2025-10-07T20:36:33.878+0000] {manager.py:878} INFO - 
================================================================================
DAG File Processing Stats

File Path                              PID  Runtime      # DAGs    # Errors  Last Runtime    Last Run
-----------------------------------  -----  ---------  --------  ----------  --------------  ----------
/opt/airflow/dags/PremierDagLake.py     59  0.14s             0           0
================================================================================
[2025-10-07T20:37:04.038+0000] {manager.py:878} INFO - 
================================================================================
DAG File Processing Stats

File Path                            PID    Runtime      # DAGs    # Errors  Last Runtime    Last Run
-----------------------------------  -----  ---------  --------  ----------  --------------  -------------------
/opt/airflow/dags/PremierDagLake.py                           0           1  3.19s           2025-10-07T20:36:36
================================================================================
[2025-10-07T20:37:34.200+0000] {manager.py:878} INFO - 
================================================================================
DAG File Processing Stats

File Path                            PID    Runtime      # DAGs    # Errors  Last Runtime    Last Run
-----------------------------------  -----  ---------  --------  ----------  --------------  -------------------
/opt/airflow/dags/PremierDagLake.py                           0           1  1.02s           2025-10-07T20:37:08
================================================================================
[2025-10-07T20:38:04.369+0000] {manager.py:878} INFO - 
================================================================================
DAG File Processing Stats

File Path                            PID    Runtime      # DAGs    # Errors  Last Runtime    Last Run
-----------------------------------  -----  ---------  --------  ----------  --------------  -------------------
/opt/airflow/dags/PremierDagLake.py                           0           1  0.51s           2025-10-07T20:37:38
================================================================================
[2025-10-07T20:38:34.537+0000] {manager.py:878} INFO - 
================================================================================
DAG File Processing Stats

File Path                            PID    Runtime      # DAGs    # Errors  Last Runtime    Last Run
-----------------------------------  -----  ---------  --------  ----------  --------------  -------------------
/opt/airflow/dags/PremierDagLake.py                           0           1  0.58s           2025-10-07T20:38:09
================================================================================
[2025-10-07T20:39:04.563+0000] {manager.py:878} INFO - 
================================================================================
DAG File Processing Stats

File Path                            PID    Runtime      # DAGs    # Errors  Last Runtime    Last Run
-----------------------------------  -----  ---------  --------  ----------  --------------  -------------------
/opt/airflow/dags/PremierDagLake.py                           0           1  0.88s           2025-10-07T20:38:40
================================================================================
[2025-10-07T20:39:34.583+0000] {manager.py:878} INFO - 
================================================================================
DAG File Processing Stats

File Path                            PID    Runtime      # DAGs    # Errors  Last Runtime    Last Run
-----------------------------------  -----  ---------  --------  ----------  --------------  -------------------
/opt/airflow/dags/PremierDagLake.py                           0           1  0.88s           2025-10-07T20:39:11
================================================================================
[2025-10-07T20:40:04.957+0000] {manager.py:878} INFO - 
================================================================================
DAG File Processing Stats

File Path                            PID    Runtime      # DAGs    # Errors  Last Runtime    Last Run
-----------------------------------  -----  ---------  --------  ----------  --------------  -------------------
/opt/airflow/dags/PremierDagLake.py                           0           1  0.73s           2025-10-07T20:39:42
================================================================================
[2025-10-07T20:40:35.091+0000] {manager.py:878} INFO - 
================================================================================
DAG File Processing Stats

File Path                            PID    Runtime      # DAGs    # Errors  Last Runtime    Last Run
-----------------------------------  -----  ---------  --------  ----------  --------------  -------------------
/opt/airflow/dags/PremierDagLake.py                           0           1  0.61s           2025-10-07T20:40:13
================================================================================
[2025-10-07T20:41:05.284+0000] {manager.py:878} INFO - 
================================================================================
DAG File Processing Stats

File Path                            PID    Runtime      # DAGs    # Errors  Last Runtime    Last Run
-----------------------------------  -----  ---------  --------  ----------  --------------  -------------------
/opt/airflow/dags/PremierDagLake.py                           0           1  0.62s           2025-10-07T20:40:43
================================================================================
[2025-10-07T20:41:33.632+0000] {manager.py:737} INFO - Searching for files in /opt/airflow/dags
[2025-10-07T20:41:33.634+0000] {manager.py:740} INFO - There are 1 files in /opt/airflow/dags
[2025-10-07T20:41:35.426+0000] {manager.py:878} INFO - 
================================================================================
DAG File Processing Stats

File Path                            PID    Runtime      # DAGs    # Errors  Last Runtime    Last Run
-----------------------------------  -----  ---------  --------  ----------  --------------  -------------------
/opt/airflow/dags/PremierDagLake.py                           0           1  0.69s           2025-10-07T20:41:14
================================================================================
[2025-10-07T20:42:05.460+0000] {manager.py:878} INFO - 
================================================================================
DAG File Processing Stats

File Path                            PID    Runtime      # DAGs    # Errors  Last Runtime    Last Run
-----------------------------------  -----  ---------  --------  ----------  --------------  -------------------
/opt/airflow/dags/PremierDagLake.py                           0           1  0.68s           2025-10-07T20:41:45
================================================================================
[2025-10-07T20:42:35.921+0000] {manager.py:878} INFO - 
================================================================================
DAG File Processing Stats

File Path                            PID    Runtime      # DAGs    # Errors  Last Runtime    Last Run
-----------------------------------  -----  ---------  --------  ----------  --------------  -------------------
/opt/airflow/dags/PremierDagLake.py                           0           1  0.64s           2025-10-07T20:42:16
================================================================================
[2025-10-07T20:43:06.067+0000] {manager.py:878} INFO - 
================================================================================
DAG File Processing Stats

File Path                            PID    Runtime      # DAGs    # Errors  Last Runtime    Last Run
-----------------------------------  -----  ---------  --------  ----------  --------------  -------------------
/opt/airflow/dags/PremierDagLake.py                           0           1  0.87s           2025-10-07T20:42:47
================================================================================
[2025-10-07T20:43:36.216+0000] {manager.py:878} INFO - 
================================================================================
DAG File Processing Stats

File Path                            PID    Runtime      # DAGs    # Errors  Last Runtime    Last Run
-----------------------------------  -----  ---------  --------  ----------  --------------  -------------------
/opt/airflow/dags/PremierDagLake.py                           0           1  0.95s           2025-10-07T20:43:18
================================================================================
[2025-10-07T20:44:06.432+0000] {manager.py:878} INFO - 
================================================================================
DAG File Processing Stats

File Path                            PID    Runtime      # DAGs    # Errors  Last Runtime    Last Run
-----------------------------------  -----  ---------  --------  ----------  --------------  -------------------
/opt/airflow/dags/PremierDagLake.py                           0           1  0.68s           2025-10-07T20:43:48
================================================================================
[2025-10-07T20:44:36.574+0000] {manager.py:878} INFO - 
================================================================================
DAG File Processing Stats

File Path                            PID    Runtime      # DAGs    # Errors  Last Runtime    Last Run
-----------------------------------  -----  ---------  --------  ----------  --------------  -------------------
/opt/airflow/dags/PremierDagLake.py                           0           1  0.84s           2025-10-07T20:44:19
================================================================================
[2025-10-07T20:45:06.709+0000] {manager.py:878} INFO - 
================================================================================
DAG File Processing Stats

File Path                            PID    Runtime      # DAGs    # Errors  Last Runtime    Last Run
-----------------------------------  -----  ---------  --------  ----------  --------------  -------------------
/opt/airflow/dags/PremierDagLake.py                           0           1  0.77s           2025-10-07T20:44:50
================================================================================
[2025-10-07T20:45:36.746+0000] {manager.py:878} INFO - 
================================================================================
DAG File Processing Stats

File Path                            PID    Runtime      # DAGs    # Errors  Last Runtime    Last Run
-----------------------------------  -----  ---------  --------  ----------  --------------  -------------------
/opt/airflow/dags/PremierDagLake.py                           0           1  0.68s           2025-10-07T20:45:21
================================================================================
[2025-10-07T20:46:07.188+0000] {manager.py:878} INFO - 
================================================================================
DAG File Processing Stats

File Path                            PID    Runtime      # DAGs    # Errors  Last Runtime    Last Run
-----------------------------------  -----  ---------  --------  ----------  --------------  -------------------
/opt/airflow/dags/PremierDagLake.py                           0           1  0.76s           2025-10-07T20:45:52
================================================================================
[2025-10-07T20:46:33.796+0000] {manager.py:737} INFO - Searching for files in /opt/airflow/dags
[2025-10-07T20:46:33.800+0000] {manager.py:740} INFO - There are 1 files in /opt/airflow/dags
[2025-10-07T20:46:37.841+0000] {manager.py:878} INFO - 
================================================================================
DAG File Processing Stats

File Path                            PID    Runtime      # DAGs    # Errors  Last Runtime    Last Run
-----------------------------------  -----  ---------  --------  ----------  --------------  -------------------
/opt/airflow/dags/PremierDagLake.py                           0           1  1.08s           2025-10-07T20:46:23
================================================================================
[2025-10-07T20:47:07.931+0000] {manager.py:878} INFO - 
================================================================================
DAG File Processing Stats

File Path                            PID    Runtime      # DAGs    # Errors  Last Runtime    Last Run
-----------------------------------  -----  ---------  --------  ----------  --------------  -------------------
/opt/airflow/dags/PremierDagLake.py                           0           1  0.93s           2025-10-07T20:46:54
================================================================================
[2025-10-07T20:47:38.183+0000] {manager.py:878} INFO - 
================================================================================
DAG File Processing Stats

File Path                            PID    Runtime      # DAGs    # Errors  Last Runtime    Last Run
-----------------------------------  -----  ---------  --------  ----------  --------------  -------------------
/opt/airflow/dags/PremierDagLake.py                           0           1  1.30s           2025-10-07T20:47:26
================================================================================
[2025-10-07T20:48:08.341+0000] {manager.py:878} INFO - 
================================================================================
DAG File Processing Stats

File Path                            PID    Runtime      # DAGs    # Errors  Last Runtime    Last Run
-----------------------------------  -----  ---------  --------  ----------  --------------  -------------------
/opt/airflow/dags/PremierDagLake.py                           0           1  0.86s           2025-10-07T20:47:57
================================================================================
[2025-10-07T20:48:38.461+0000] {manager.py:878} INFO - 
================================================================================
DAG File Processing Stats

File Path                            PID    Runtime      # DAGs    # Errors  Last Runtime    Last Run
-----------------------------------  -----  ---------  --------  ----------  --------------  -------------------
/opt/airflow/dags/PremierDagLake.py                           0           1  0.96s           2025-10-07T20:48:28
================================================================================
[2025-10-07T20:49:08.662+0000] {manager.py:878} INFO - 
================================================================================
DAG File Processing Stats

File Path                            PID    Runtime      # DAGs    # Errors  Last Runtime    Last Run
-----------------------------------  -----  ---------  --------  ----------  --------------  -------------------
/opt/airflow/dags/PremierDagLake.py                           0           1  1.20s           2025-10-07T20:48:59
================================================================================
[2025-10-07T20:49:38.953+0000] {manager.py:878} INFO - 
================================================================================
DAG File Processing Stats

File Path                            PID    Runtime      # DAGs    # Errors  Last Runtime    Last Run
-----------------------------------  -----  ---------  --------  ----------  --------------  -------------------
/opt/airflow/dags/PremierDagLake.py                           0           1  1.44s           2025-10-07T20:49:31
================================================================================
[2025-10-07T20:50:09.124+0000] {manager.py:878} INFO - 
================================================================================
DAG File Processing Stats

File Path                            PID    Runtime      # DAGs    # Errors  Last Runtime    Last Run
-----------------------------------  -----  ---------  --------  ----------  --------------  -------------------
/opt/airflow/dags/PremierDagLake.py                           0           1  0.81s           2025-10-07T20:50:02
================================================================================
[2025-10-07T20:50:39.143+0000] {manager.py:878} INFO - 
================================================================================
DAG File Processing Stats

File Path                            PID    Runtime      # DAGs    # Errors  Last Runtime    Last Run
-----------------------------------  -----  ---------  --------  ----------  --------------  -------------------
/opt/airflow/dags/PremierDagLake.py                           0           1  0.87s           2025-10-07T20:50:33
================================================================================
[2025-10-07T20:51:09.499+0000] {manager.py:878} INFO - 
================================================================================
DAG File Processing Stats

File Path                            PID    Runtime      # DAGs    # Errors  Last Runtime    Last Run
-----------------------------------  -----  ---------  --------  ----------  --------------  -------------------
/opt/airflow/dags/PremierDagLake.py                           0           1  0.83s           2025-10-07T20:51:04
================================================================================
[2025-10-07T20:51:34.245+0000] {manager.py:737} INFO - Searching for files in /opt/airflow/dags
[2025-10-07T20:51:34.247+0000] {manager.py:740} INFO - There are 1 files in /opt/airflow/dags
[2025-10-07T20:51:39.654+0000] {manager.py:878} INFO - 
================================================================================
DAG File Processing Stats

File Path                            PID    Runtime      # DAGs    # Errors  Last Runtime    Last Run
-----------------------------------  -----  ---------  --------  ----------  --------------  -------------------
/opt/airflow/dags/PremierDagLake.py                           0           1  0.84s           2025-10-07T20:51:35
================================================================================
[2025-10-07T20:52:09.802+0000] {manager.py:878} INFO - 
================================================================================
DAG File Processing Stats

File Path                            PID    Runtime      # DAGs    # Errors  Last Runtime    Last Run
-----------------------------------  -----  ---------  --------  ----------  --------------  -------------------
/opt/airflow/dags/PremierDagLake.py                           0           1  0.85s           2025-10-07T20:52:06
================================================================================
[2025-10-07T20:52:39.949+0000] {manager.py:878} INFO - 
================================================================================
DAG File Processing Stats

File Path                            PID    Runtime      # DAGs    # Errors  Last Runtime    Last Run
-----------------------------------  -----  ---------  --------  ----------  --------------  -------------------
/opt/airflow/dags/PremierDagLake.py                           0           1  0.90s           2025-10-07T20:52:37
================================================================================
[2025-10-07T20:53:10.097+0000] {manager.py:878} INFO - 
================================================================================
DAG File Processing Stats

File Path                            PID    Runtime      # DAGs    # Errors  Last Runtime    Last Run
-----------------------------------  -----  ---------  --------  ----------  --------------  -------------------
/opt/airflow/dags/PremierDagLake.py                           0           1  0.91s           2025-10-07T20:53:08
================================================================================
[2025-10-07T20:53:40.275+0000] {manager.py:878} INFO - 
================================================================================
DAG File Processing Stats

File Path                            PID    Runtime      # DAGs    # Errors  Last Runtime    Last Run
-----------------------------------  -----  ---------  --------  ----------  --------------  -------------------
/opt/airflow/dags/PremierDagLake.py                           0           1  1.06s           2025-10-07T20:53:39
================================================================================
[2025-10-07T20:54:10.319+0000] {manager.py:878} INFO - 
================================================================================
DAG File Processing Stats

File Path                            PID    Runtime      # DAGs    # Errors  Last Runtime    Last Run
-----------------------------------  -----  ---------  --------  ----------  --------------  -------------------
/opt/airflow/dags/PremierDagLake.py                           0           1  0.89s           2025-10-07T20:54:10
================================================================================
[2025-10-07T20:54:40.491+0000] {manager.py:878} INFO - 
================================================================================
DAG File Processing Stats

File Path                              PID  Runtime      # DAGs    # Errors  Last Runtime    Last Run
-----------------------------------  -----  ---------  --------  ----------  --------------  -------------------
/opt/airflow/dags/PremierDagLake.py    129  0.01s             0           1  0.89s           2025-10-07T20:54:10
================================================================================
[2025-10-07T20:55:10.565+0000] {manager.py:878} INFO - 
================================================================================
DAG File Processing Stats

File Path                            PID    Runtime      # DAGs    # Errors  Last Runtime    Last Run
-----------------------------------  -----  ---------  --------  ----------  --------------  -------------------
/opt/airflow/dags/PremierDagLake.py                           0           1  0.93s           2025-10-07T20:54:41
================================================================================
[2025-10-07T20:55:40.750+0000] {manager.py:878} INFO - 
================================================================================
DAG File Processing Stats

File Path                            PID    Runtime      # DAGs    # Errors  Last Runtime    Last Run
-----------------------------------  -----  ---------  --------  ----------  --------------  -------------------
/opt/airflow/dags/PremierDagLake.py                           0           1  1.10s           2025-10-07T20:55:12
================================================================================
[2025-10-07T20:56:05.055+0000] {manager.py:452} INFO - Exiting gracefully upon receiving signal 15
[2025-10-07T20:56:33.599+0000] {manager.py:470} INFO - Processing files using up to 2 processes at a time 
[2025-10-07T20:56:33.600+0000] {manager.py:471} INFO - Process each file at most once every 30 seconds
[2025-10-07T20:56:33.600+0000] {manager.py:472} INFO - Checking for new files in /opt/airflow/dags every 300 seconds
[2025-10-07T20:56:33.601+0000] {manager.py:737} INFO - Searching for files in /opt/airflow/dags
[2025-10-07T20:56:33.604+0000] {manager.py:740} INFO - There are 1 files in /opt/airflow/dags
[2025-10-07T20:56:33.828+0000] {manager.py:878} INFO - 
================================================================================
DAG File Processing Stats

File Path                              PID  Runtime      # DAGs    # Errors  Last Runtime    Last Run
-----------------------------------  -----  ---------  --------  ----------  --------------  ----------
/opt/airflow/dags/PremierDagLake.py     29  0.05s             0           0
================================================================================
[2025-10-07T20:57:03.912+0000] {manager.py:878} INFO - 
================================================================================
DAG File Processing Stats

File Path                            PID    Runtime      # DAGs    # Errors  Last Runtime    Last Run
-----------------------------------  -----  ---------  --------  ----------  --------------  -------------------
/opt/airflow/dags/PremierDagLake.py                           1           0  3.00s           2025-10-07T20:56:36
================================================================================
[2025-10-07T20:57:34.115+0000] {manager.py:878} INFO - 
================================================================================
DAG File Processing Stats

File Path                            PID    Runtime      # DAGs    # Errors  Last Runtime    Last Run
-----------------------------------  -----  ---------  --------  ----------  --------------  -------------------
/opt/airflow/dags/PremierDagLake.py                           1           0  1.22s           2025-10-07T20:57:08
================================================================================
[2025-10-07T20:58:04.246+0000] {manager.py:878} INFO - 
================================================================================
DAG File Processing Stats

File Path                            PID    Runtime      # DAGs    # Errors  Last Runtime    Last Run
-----------------------------------  -----  ---------  --------  ----------  --------------  -------------------
/opt/airflow/dags/PremierDagLake.py                           1           0  0.88s           2025-10-07T20:57:39
================================================================================
[2025-10-07T20:58:34.377+0000] {manager.py:878} INFO - 
================================================================================
DAG File Processing Stats

File Path                            PID    Runtime      # DAGs    # Errors  Last Runtime    Last Run
-----------------------------------  -----  ---------  --------  ----------  --------------  -------------------
/opt/airflow/dags/PremierDagLake.py                           1           0  0.80s           2025-10-07T20:58:10
================================================================================
[2025-10-07T20:59:04.493+0000] {manager.py:878} INFO - 
================================================================================
DAG File Processing Stats

File Path                            PID    Runtime      # DAGs    # Errors  Last Runtime    Last Run
-----------------------------------  -----  ---------  --------  ----------  --------------  -------------------
/opt/airflow/dags/PremierDagLake.py                           1           0  0.84s           2025-10-07T20:58:41
================================================================================
[2025-10-07T20:59:34.616+0000] {manager.py:878} INFO - 
================================================================================
DAG File Processing Stats

File Path                            PID    Runtime      # DAGs    # Errors  Last Runtime    Last Run
-----------------------------------  -----  ---------  --------  ----------  --------------  -------------------
/opt/airflow/dags/PremierDagLake.py                           1           0  1.01s           2025-10-07T20:59:12
================================================================================
[2025-10-07T21:00:04.746+0000] {manager.py:878} INFO - 
================================================================================
DAG File Processing Stats

File Path                            PID    Runtime      # DAGs    # Errors  Last Runtime    Last Run
-----------------------------------  -----  ---------  --------  ----------  --------------  -------------------
/opt/airflow/dags/PremierDagLake.py                           1           0  0.83s           2025-10-07T20:59:43
================================================================================
[2025-10-07T21:00:35.379+0000] {manager.py:878} INFO - 
================================================================================
DAG File Processing Stats

File Path                            PID    Runtime      # DAGs    # Errors  Last Runtime    Last Run
-----------------------------------  -----  ---------  --------  ----------  --------------  -------------------
/opt/airflow/dags/PremierDagLake.py                           1           0  1.07s           2025-10-07T21:00:14
================================================================================
[2025-10-07T21:01:05.575+0000] {manager.py:878} INFO - 
================================================================================
DAG File Processing Stats

File Path                            PID    Runtime      # DAGs    # Errors  Last Runtime    Last Run
-----------------------------------  -----  ---------  --------  ----------  --------------  -------------------
/opt/airflow/dags/PremierDagLake.py                           1           0  1.14s           2025-10-07T21:00:45
================================================================================
[2025-10-07T21:01:33.809+0000] {manager.py:737} INFO - Searching for files in /opt/airflow/dags
[2025-10-07T21:01:33.814+0000] {manager.py:740} INFO - There are 1 files in /opt/airflow/dags
[2025-10-07T21:01:35.842+0000] {manager.py:878} INFO - 
================================================================================
DAG File Processing Stats

File Path                            PID    Runtime      # DAGs    # Errors  Last Runtime    Last Run
-----------------------------------  -----  ---------  --------  ----------  --------------  -------------------
/opt/airflow/dags/PremierDagLake.py                           1           0  1.33s           2025-10-07T21:01:16
================================================================================
[2025-10-07T21:02:06.014+0000] {manager.py:878} INFO - 
================================================================================
DAG File Processing Stats

File Path                            PID    Runtime      # DAGs    # Errors  Last Runtime    Last Run
-----------------------------------  -----  ---------  --------  ----------  --------------  -------------------
/opt/airflow/dags/PremierDagLake.py                           1           0  1.91s           2025-10-07T21:01:49
================================================================================
[2025-10-07T21:02:36.253+0000] {manager.py:878} INFO - 
================================================================================
DAG File Processing Stats

File Path                            PID    Runtime      # DAGs    # Errors  Last Runtime    Last Run
-----------------------------------  -----  ---------  --------  ----------  --------------  -------------------
/opt/airflow/dags/PremierDagLake.py                           1           0  1.59s           2025-10-07T21:02:20
================================================================================
[2025-10-07T21:03:06.692+0000] {manager.py:878} INFO - 
================================================================================
DAG File Processing Stats

File Path                            PID    Runtime      # DAGs    # Errors  Last Runtime    Last Run
-----------------------------------  -----  ---------  --------  ----------  --------------  -------------------
/opt/airflow/dags/PremierDagLake.py                           1           0  2.24s           2025-10-07T21:02:53
================================================================================
[2025-10-07T21:23:15.997+0000] {manager.py:470} INFO - Processing files using up to 2 processes at a time 
[2025-10-07T21:23:15.998+0000] {manager.py:471} INFO - Process each file at most once every 30 seconds
[2025-10-07T21:23:15.999+0000] {manager.py:472} INFO - Checking for new files in /opt/airflow/dags every 300 seconds
[2025-10-07T21:23:15.999+0000] {manager.py:737} INFO - Searching for files in /opt/airflow/dags
[2025-10-07T21:23:16.001+0000] {manager.py:740} INFO - There are 1 files in /opt/airflow/dags
[2025-10-07T21:23:16.125+0000] {manager.py:878} INFO - 
================================================================================
DAG File Processing Stats

File Path                              PID  Runtime      # DAGs    # Errors  Last Runtime    Last Run
-----------------------------------  -----  ---------  --------  ----------  --------------  ----------
/opt/airflow/dags/PremierDagLake.py     28  0.03s             0           0
================================================================================
[2025-10-07T21:23:46.227+0000] {manager.py:878} INFO - 
================================================================================
DAG File Processing Stats

File Path                            PID    Runtime      # DAGs    # Errors  Last Runtime    Last Run
-----------------------------------  -----  ---------  --------  ----------  --------------  -------------------
/opt/airflow/dags/PremierDagLake.py                           1           0  1.71s           2025-10-07T21:23:17
================================================================================
[2025-10-07T21:24:16.344+0000] {manager.py:878} INFO - 
================================================================================
DAG File Processing Stats

File Path                            PID    Runtime      # DAGs    # Errors  Last Runtime    Last Run
-----------------------------------  -----  ---------  --------  ----------  --------------  -------------------
/opt/airflow/dags/PremierDagLake.py                           1           0  0.56s           2025-10-07T21:23:48
================================================================================
[2025-10-07T21:24:46.698+0000] {manager.py:878} INFO - 
================================================================================
DAG File Processing Stats

File Path                            PID    Runtime      # DAGs    # Errors  Last Runtime    Last Run
-----------------------------------  -----  ---------  --------  ----------  --------------  -------------------
/opt/airflow/dags/PremierDagLake.py                           1           0  0.57s           2025-10-07T21:24:19
================================================================================
[2025-10-07T21:25:16.845+0000] {manager.py:878} INFO - 
================================================================================
DAG File Processing Stats

File Path                            PID    Runtime      # DAGs    # Errors  Last Runtime    Last Run
-----------------------------------  -----  ---------  --------  ----------  --------------  -------------------
/opt/airflow/dags/PremierDagLake.py                           1           0  0.53s           2025-10-07T21:24:49
================================================================================
[2025-10-07T21:25:47.035+0000] {manager.py:878} INFO - 
================================================================================
DAG File Processing Stats

File Path                            PID    Runtime      # DAGs    # Errors  Last Runtime    Last Run
-----------------------------------  -----  ---------  --------  ----------  --------------  -------------------
/opt/airflow/dags/PremierDagLake.py                           1           0  0.42s           2025-10-07T21:25:20
================================================================================
[2025-10-07T21:26:17.261+0000] {manager.py:878} INFO - 
================================================================================
DAG File Processing Stats

File Path                            PID    Runtime      # DAGs    # Errors  Last Runtime    Last Run
-----------------------------------  -----  ---------  --------  ----------  --------------  -------------------
/opt/airflow/dags/PremierDagLake.py                           1           0  1.60s           2025-10-07T21:25:52
================================================================================
[2025-10-07T21:26:47.384+0000] {manager.py:878} INFO - 
================================================================================
DAG File Processing Stats

File Path                            PID    Runtime      # DAGs    # Errors  Last Runtime    Last Run
-----------------------------------  -----  ---------  --------  ----------  --------------  -------------------
/opt/airflow/dags/PremierDagLake.py                           1           0  1.15s           2025-10-07T21:26:23
================================================================================
[2025-10-07T21:27:17.640+0000] {manager.py:878} INFO - 
================================================================================
DAG File Processing Stats

File Path                            PID    Runtime      # DAGs    # Errors  Last Runtime    Last Run
-----------------------------------  -----  ---------  --------  ----------  --------------  -------------------
/opt/airflow/dags/PremierDagLake.py                           1           0  0.53s           2025-10-07T21:26:54
================================================================================
[2025-10-07T21:27:47.791+0000] {manager.py:878} INFO - 
================================================================================
DAG File Processing Stats

File Path                            PID    Runtime      # DAGs    # Errors  Last Runtime    Last Run
-----------------------------------  -----  ---------  --------  ----------  --------------  -------------------
/opt/airflow/dags/PremierDagLake.py                           1           0  0.51s           2025-10-07T21:27:24
================================================================================
[2025-10-07T21:28:16.454+0000] {manager.py:737} INFO - Searching for files in /opt/airflow/dags
[2025-10-07T21:28:16.457+0000] {manager.py:740} INFO - There are 1 files in /opt/airflow/dags
[2025-10-07T21:28:17.969+0000] {manager.py:878} INFO - 
================================================================================
DAG File Processing Stats

File Path                            PID    Runtime      # DAGs    # Errors  Last Runtime    Last Run
-----------------------------------  -----  ---------  --------  ----------  --------------  -------------------
/opt/airflow/dags/PremierDagLake.py                           1           0  0.52s           2025-10-07T21:27:55
================================================================================
[2025-10-07T21:28:48.124+0000] {manager.py:878} INFO - 
================================================================================
DAG File Processing Stats

File Path                            PID    Runtime      # DAGs    # Errors  Last Runtime    Last Run
-----------------------------------  -----  ---------  --------  ----------  --------------  -------------------
/opt/airflow/dags/PremierDagLake.py                           1           0  0.52s           2025-10-07T21:28:26
================================================================================
[2025-10-07T21:29:18.296+0000] {manager.py:878} INFO - 
================================================================================
DAG File Processing Stats

File Path                            PID    Runtime      # DAGs    # Errors  Last Runtime    Last Run
-----------------------------------  -----  ---------  --------  ----------  --------------  -------------------
/opt/airflow/dags/PremierDagLake.py                           1           0  0.47s           2025-10-07T21:28:56
================================================================================
[2025-10-07T21:29:48.442+0000] {manager.py:878} INFO - 
================================================================================
DAG File Processing Stats

File Path                            PID    Runtime      # DAGs    # Errors  Last Runtime    Last Run
-----------------------------------  -----  ---------  --------  ----------  --------------  -------------------
/opt/airflow/dags/PremierDagLake.py                           1           0  0.68s           2025-10-07T21:29:27
================================================================================
[2025-10-07T21:30:18.747+0000] {manager.py:878} INFO - 
================================================================================
DAG File Processing Stats

File Path                            PID    Runtime      # DAGs    # Errors  Last Runtime    Last Run
-----------------------------------  -----  ---------  --------  ----------  --------------  -------------------
/opt/airflow/dags/PremierDagLake.py                           1           0  0.46s           2025-10-07T21:29:57
================================================================================
[2025-10-07T21:30:48.837+0000] {manager.py:878} INFO - 
================================================================================
DAG File Processing Stats

File Path                            PID    Runtime      # DAGs    # Errors  Last Runtime    Last Run
-----------------------------------  -----  ---------  --------  ----------  --------------  -------------------
/opt/airflow/dags/PremierDagLake.py                           1           0  0.62s           2025-10-07T21:30:28
================================================================================
[2025-10-07T21:31:19.384+0000] {manager.py:878} INFO - 
================================================================================
DAG File Processing Stats

File Path                            PID    Runtime      # DAGs    # Errors  Last Runtime    Last Run
-----------------------------------  -----  ---------  --------  ----------  --------------  -------------------
/opt/airflow/dags/PremierDagLake.py                           1           0  0.55s           2025-10-07T21:30:59
================================================================================
[2025-10-07T21:31:49.697+0000] {manager.py:878} INFO - 
================================================================================
DAG File Processing Stats

File Path                            PID    Runtime      # DAGs    # Errors  Last Runtime    Last Run
-----------------------------------  -----  ---------  --------  ----------  --------------  -------------------
/opt/airflow/dags/PremierDagLake.py                           1           0  0.54s           2025-10-07T21:31:30
================================================================================
[2025-10-07T21:32:19.839+0000] {manager.py:878} INFO - 
================================================================================
DAG File Processing Stats

File Path                            PID    Runtime      # DAGs    # Errors  Last Runtime    Last Run
-----------------------------------  -----  ---------  --------  ----------  --------------  -------------------
/opt/airflow/dags/PremierDagLake.py                           1           0  0.45s           2025-10-07T21:32:00
================================================================================
[2025-10-07T21:32:50.016+0000] {manager.py:878} INFO - 
================================================================================
DAG File Processing Stats

File Path                            PID    Runtime      # DAGs    # Errors  Last Runtime    Last Run
-----------------------------------  -----  ---------  --------  ----------  --------------  -------------------
/opt/airflow/dags/PremierDagLake.py                           1           0  1.22s           2025-10-07T21:32:32
================================================================================
[2025-10-07T21:33:17.025+0000] {manager.py:737} INFO - Searching for files in /opt/airflow/dags
[2025-10-07T21:33:17.027+0000] {manager.py:740} INFO - There are 1 files in /opt/airflow/dags
[2025-10-07T21:33:20.055+0000] {manager.py:878} INFO - 
================================================================================
DAG File Processing Stats

File Path                            PID    Runtime      # DAGs    # Errors  Last Runtime    Last Run
-----------------------------------  -----  ---------  --------  ----------  --------------  -------------------
/opt/airflow/dags/PremierDagLake.py                           1           0  0.68s           2025-10-07T21:33:02
================================================================================
[2025-10-07T21:33:50.528+0000] {manager.py:878} INFO - 
================================================================================
DAG File Processing Stats

File Path                            PID    Runtime      # DAGs    # Errors  Last Runtime    Last Run
-----------------------------------  -----  ---------  --------  ----------  --------------  -------------------
/opt/airflow/dags/PremierDagLake.py                           1           0  0.54s           2025-10-07T21:33:33
================================================================================
[2025-10-07T21:34:20.906+0000] {manager.py:878} INFO - 
================================================================================
DAG File Processing Stats

File Path                            PID    Runtime      # DAGs    # Errors  Last Runtime    Last Run
-----------------------------------  -----  ---------  --------  ----------  --------------  -------------------
/opt/airflow/dags/PremierDagLake.py                           1           0  1.08s           2025-10-07T21:34:04
================================================================================
[2025-10-07T21:34:51.116+0000] {manager.py:878} INFO - 
================================================================================
DAG File Processing Stats

File Path                            PID    Runtime      # DAGs    # Errors  Last Runtime    Last Run
-----------------------------------  -----  ---------  --------  ----------  --------------  -------------------
/opt/airflow/dags/PremierDagLake.py                           1           0  0.49s           2025-10-07T21:34:35
================================================================================
[2025-10-07T21:35:21.264+0000] {manager.py:878} INFO - 
================================================================================
DAG File Processing Stats

File Path                            PID    Runtime      # DAGs    # Errors  Last Runtime    Last Run
-----------------------------------  -----  ---------  --------  ----------  --------------  -------------------
/opt/airflow/dags/PremierDagLake.py                           1           0  0.58s           2025-10-07T21:35:06
================================================================================
[2025-10-07T21:35:51.457+0000] {manager.py:878} INFO - 
================================================================================
DAG File Processing Stats

File Path                            PID    Runtime      # DAGs    # Errors  Last Runtime    Last Run
-----------------------------------  -----  ---------  --------  ----------  --------------  -------------------
/opt/airflow/dags/PremierDagLake.py                           1           0  0.45s           2025-10-07T21:35:36
================================================================================
[2025-10-07T21:36:21.554+0000] {manager.py:878} INFO - 
================================================================================
DAG File Processing Stats

File Path                            PID    Runtime      # DAGs    # Errors  Last Runtime    Last Run
-----------------------------------  -----  ---------  --------  ----------  --------------  -------------------
/opt/airflow/dags/PremierDagLake.py                           1           0  0.49s           2025-10-07T21:36:07
================================================================================
[2025-10-07T21:36:51.733+0000] {manager.py:878} INFO - 
================================================================================
DAG File Processing Stats

File Path                            PID    Runtime      # DAGs    # Errors  Last Runtime    Last Run
-----------------------------------  -----  ---------  --------  ----------  --------------  -------------------
/opt/airflow/dags/PremierDagLake.py                           1           0  0.46s           2025-10-07T21:36:38
================================================================================
[2025-10-07T21:37:21.882+0000] {manager.py:878} INFO - 
================================================================================
DAG File Processing Stats

File Path                            PID    Runtime      # DAGs    # Errors  Last Runtime    Last Run
-----------------------------------  -----  ---------  --------  ----------  --------------  -------------------
/opt/airflow/dags/PremierDagLake.py                           1           0  0.52s           2025-10-07T21:37:08
================================================================================
[2025-10-07T21:37:52.059+0000] {manager.py:878} INFO - 
================================================================================
DAG File Processing Stats

File Path                            PID    Runtime      # DAGs    # Errors  Last Runtime    Last Run
-----------------------------------  -----  ---------  --------  ----------  --------------  -------------------
/opt/airflow/dags/PremierDagLake.py                           1           0  0.44s           2025-10-07T21:37:39
================================================================================
[2025-10-07T21:38:17.135+0000] {manager.py:737} INFO - Searching for files in /opt/airflow/dags
[2025-10-07T21:38:17.138+0000] {manager.py:740} INFO - There are 1 files in /opt/airflow/dags
[2025-10-07T21:38:22.183+0000] {manager.py:878} INFO - 
================================================================================
DAG File Processing Stats

File Path                            PID    Runtime      # DAGs    # Errors  Last Runtime    Last Run
-----------------------------------  -----  ---------  --------  ----------  --------------  -------------------
/opt/airflow/dags/PremierDagLake.py                           1           0  0.49s           2025-10-07T21:38:10
================================================================================
[2025-10-07T21:38:52.346+0000] {manager.py:878} INFO - 
================================================================================
DAG File Processing Stats

File Path                            PID    Runtime      # DAGs    # Errors  Last Runtime    Last Run
-----------------------------------  -----  ---------  --------  ----------  --------------  -------------------
/opt/airflow/dags/PremierDagLake.py                           1           0  0.47s           2025-10-07T21:38:40
================================================================================
[2025-10-07T21:39:22.463+0000] {manager.py:878} INFO - 
================================================================================
DAG File Processing Stats

File Path                            PID    Runtime      # DAGs    # Errors  Last Runtime    Last Run
-----------------------------------  -----  ---------  --------  ----------  --------------  -------------------
/opt/airflow/dags/PremierDagLake.py                           1           0  0.46s           2025-10-07T21:39:11
================================================================================
[2025-10-07T21:39:52.632+0000] {manager.py:878} INFO - 
================================================================================
DAG File Processing Stats

File Path                            PID    Runtime      # DAGs    # Errors  Last Runtime    Last Run
-----------------------------------  -----  ---------  --------  ----------  --------------  -------------------
/opt/airflow/dags/PremierDagLake.py                           1           0  0.50s           2025-10-07T21:39:42
================================================================================
[2025-10-07T21:40:22.771+0000] {manager.py:878} INFO - 
================================================================================
DAG File Processing Stats

File Path                            PID    Runtime      # DAGs    # Errors  Last Runtime    Last Run
-----------------------------------  -----  ---------  --------  ----------  --------------  -------------------
/opt/airflow/dags/PremierDagLake.py                           1           0  0.45s           2025-10-07T21:40:12
================================================================================
[2025-10-07T21:40:52.958+0000] {manager.py:878} INFO - 
================================================================================
DAG File Processing Stats

File Path                            PID    Runtime      # DAGs    # Errors  Last Runtime    Last Run
-----------------------------------  -----  ---------  --------  ----------  --------------  -------------------
/opt/airflow/dags/PremierDagLake.py                           1           0  0.50s           2025-10-07T21:40:43
================================================================================
[2025-10-07T21:41:23.052+0000] {manager.py:878} INFO - 
================================================================================
DAG File Processing Stats

File Path                            PID    Runtime      # DAGs    # Errors  Last Runtime    Last Run
-----------------------------------  -----  ---------  --------  ----------  --------------  -------------------
/opt/airflow/dags/PremierDagLake.py                           1           0  0.45s           2025-10-07T21:41:13
================================================================================
[2025-10-07T21:41:53.238+0000] {manager.py:878} INFO - 
================================================================================
DAG File Processing Stats

File Path                            PID    Runtime      # DAGs    # Errors  Last Runtime    Last Run
-----------------------------------  -----  ---------  --------  ----------  --------------  -------------------
/opt/airflow/dags/PremierDagLake.py                           1           0  0.50s           2025-10-07T21:41:44
================================================================================
[2025-10-07T21:42:23.340+0000] {manager.py:878} INFO - 
================================================================================
DAG File Processing Stats

File Path                            PID    Runtime      # DAGs    # Errors  Last Runtime    Last Run
-----------------------------------  -----  ---------  --------  ----------  --------------  -------------------
/opt/airflow/dags/PremierDagLake.py                           1           0  0.45s           2025-10-07T21:42:15
================================================================================
[2025-10-07T21:42:53.510+0000] {manager.py:878} INFO - 
================================================================================
DAG File Processing Stats

File Path                            PID    Runtime      # DAGs    # Errors  Last Runtime    Last Run
-----------------------------------  -----  ---------  --------  ----------  --------------  -------------------
/opt/airflow/dags/PremierDagLake.py                           1           0  0.52s           2025-10-07T21:42:45
================================================================================
[2025-10-07T21:43:17.155+0000] {manager.py:737} INFO - Searching for files in /opt/airflow/dags
[2025-10-07T21:43:17.155+0000] {manager.py:740} INFO - There are 1 files in /opt/airflow/dags
[2025-10-07T21:43:23.633+0000] {manager.py:878} INFO - 
================================================================================
DAG File Processing Stats

File Path                            PID    Runtime      # DAGs    # Errors  Last Runtime    Last Run
-----------------------------------  -----  ---------  --------  ----------  --------------  -------------------
/opt/airflow/dags/PremierDagLake.py                           1           0  0.45s           2025-10-07T21:43:16
================================================================================
[2025-10-07T21:43:53.821+0000] {manager.py:878} INFO - 
================================================================================
DAG File Processing Stats

File Path                            PID    Runtime      # DAGs    # Errors  Last Runtime    Last Run
-----------------------------------  -----  ---------  --------  ----------  --------------  -------------------
/opt/airflow/dags/PremierDagLake.py                           1           0  0.51s           2025-10-07T21:43:47
================================================================================
[2025-10-07T21:44:23.956+0000] {manager.py:878} INFO - 
================================================================================
DAG File Processing Stats

File Path                            PID    Runtime      # DAGs    # Errors  Last Runtime    Last Run
-----------------------------------  -----  ---------  --------  ----------  --------------  -------------------
/opt/airflow/dags/PremierDagLake.py                           1           0  0.45s           2025-10-07T21:44:17
================================================================================
[2025-10-07T21:44:54.128+0000] {manager.py:878} INFO - 
================================================================================
DAG File Processing Stats

File Path                            PID    Runtime      # DAGs    # Errors  Last Runtime    Last Run
-----------------------------------  -----  ---------  --------  ----------  --------------  -------------------
/opt/airflow/dags/PremierDagLake.py                           1           0  0.43s           2025-10-07T21:44:48
================================================================================
[2025-10-07T21:45:24.217+0000] {manager.py:878} INFO - 
================================================================================
DAG File Processing Stats

File Path                            PID    Runtime      # DAGs    # Errors  Last Runtime    Last Run
-----------------------------------  -----  ---------  --------  ----------  --------------  -------------------
/opt/airflow/dags/PremierDagLake.py                           1           0  0.49s           2025-10-07T21:45:19
================================================================================
[2025-10-07T21:45:54.392+0000] {manager.py:878} INFO - 
================================================================================
DAG File Processing Stats

File Path                            PID    Runtime      # DAGs    # Errors  Last Runtime    Last Run
-----------------------------------  -----  ---------  --------  ----------  --------------  -------------------
/opt/airflow/dags/PremierDagLake.py                           1           0  0.44s           2025-10-07T21:45:49
================================================================================
[2025-10-07T21:46:24.505+0000] {manager.py:878} INFO - 
================================================================================
DAG File Processing Stats

File Path                            PID    Runtime      # DAGs    # Errors  Last Runtime    Last Run
-----------------------------------  -----  ---------  --------  ----------  --------------  -------------------
/opt/airflow/dags/PremierDagLake.py                           1           0  0.49s           2025-10-07T21:46:20
================================================================================
[2025-10-07T21:46:54.671+0000] {manager.py:878} INFO - 
================================================================================
DAG File Processing Stats

File Path                            PID    Runtime      # DAGs    # Errors  Last Runtime    Last Run
-----------------------------------  -----  ---------  --------  ----------  --------------  -------------------
/opt/airflow/dags/PremierDagLake.py                           1           0  0.47s           2025-10-07T21:46:51
================================================================================
[2025-10-07T21:47:24.819+0000] {manager.py:878} INFO - 
================================================================================
DAG File Processing Stats

File Path                            PID    Runtime      # DAGs    # Errors  Last Runtime    Last Run
-----------------------------------  -----  ---------  --------  ----------  --------------  -------------------
/opt/airflow/dags/PremierDagLake.py                           1           0  0.50s           2025-10-07T21:47:21
================================================================================
[2025-10-07T21:47:54.989+0000] {manager.py:878} INFO - 
================================================================================
DAG File Processing Stats

File Path                            PID    Runtime      # DAGs    # Errors  Last Runtime    Last Run
-----------------------------------  -----  ---------  --------  ----------  --------------  -------------------
/opt/airflow/dags/PremierDagLake.py                           1           0  0.46s           2025-10-07T21:47:52
================================================================================
[2025-10-07T21:48:17.568+0000] {manager.py:737} INFO - Searching for files in /opt/airflow/dags
[2025-10-07T21:48:17.571+0000] {manager.py:740} INFO - There are 1 files in /opt/airflow/dags
[2025-10-07T21:48:25.153+0000] {manager.py:878} INFO - 
================================================================================
DAG File Processing Stats

File Path                            PID    Runtime      # DAGs    # Errors  Last Runtime    Last Run
-----------------------------------  -----  ---------  --------  ----------  --------------  -------------------
/opt/airflow/dags/PremierDagLake.py                           1           0  0.52s           2025-10-07T21:48:23
================================================================================
[2025-10-07T21:48:55.334+0000] {manager.py:878} INFO - 
================================================================================
DAG File Processing Stats

File Path                            PID    Runtime      # DAGs    # Errors  Last Runtime    Last Run
-----------------------------------  -----  ---------  --------  ----------  --------------  -------------------
/opt/airflow/dags/PremierDagLake.py                           1           0  0.47s           2025-10-07T21:48:53
================================================================================
[2025-10-07T21:49:25.413+0000] {manager.py:878} INFO - 
================================================================================
DAG File Processing Stats

File Path                            PID    Runtime      # DAGs    # Errors  Last Runtime    Last Run
-----------------------------------  -----  ---------  --------  ----------  --------------  -------------------
/opt/airflow/dags/PremierDagLake.py                           1           0  0.44s           2025-10-07T21:49:24
================================================================================
[2025-10-07T21:49:55.599+0000] {manager.py:878} INFO - 
================================================================================
DAG File Processing Stats

File Path                            PID    Runtime      # DAGs    # Errors  Last Runtime    Last Run
-----------------------------------  -----  ---------  --------  ----------  --------------  -------------------
/opt/airflow/dags/PremierDagLake.py                           1           0  0.49s           2025-10-07T21:49:55
================================================================================
[2025-10-07T21:50:25.699+0000] {manager.py:878} INFO - 
================================================================================
DAG File Processing Stats

File Path                            PID    Runtime      # DAGs    # Errors  Last Runtime    Last Run
-----------------------------------  -----  ---------  --------  ----------  --------------  -------------------
/opt/airflow/dags/PremierDagLake.py                           1           0  0.45s           2025-10-07T21:50:25
================================================================================
[2025-10-07T21:50:55.885+0000] {manager.py:878} INFO - 
================================================================================
DAG File Processing Stats

File Path                              PID  Runtime      # DAGs    # Errors  Last Runtime    Last Run
-----------------------------------  -----  ---------  --------  ----------  --------------  -------------------
/opt/airflow/dags/PremierDagLake.py   2836  0.00s             1           0  0.45s           2025-10-07T21:50:25
================================================================================
[2025-10-07T21:51:26.045+0000] {manager.py:878} INFO - 
================================================================================
DAG File Processing Stats

File Path                            PID    Runtime      # DAGs    # Errors  Last Runtime    Last Run
-----------------------------------  -----  ---------  --------  ----------  --------------  -------------------
/opt/airflow/dags/PremierDagLake.py                           1           0  0.48s           2025-10-07T21:50:56
================================================================================
[2025-10-07T21:51:56.145+0000] {manager.py:878} INFO - 
================================================================================
DAG File Processing Stats

File Path                            PID    Runtime      # DAGs    # Errors  Last Runtime    Last Run
-----------------------------------  -----  ---------  --------  ----------  --------------  -------------------
/opt/airflow/dags/PremierDagLake.py                           1           0  0.45s           2025-10-07T21:51:26
================================================================================
[2025-10-07T21:52:26.308+0000] {manager.py:878} INFO - 
================================================================================
DAG File Processing Stats

File Path                            PID    Runtime      # DAGs    # Errors  Last Runtime    Last Run
-----------------------------------  -----  ---------  --------  ----------  --------------  -------------------
/opt/airflow/dags/PremierDagLake.py                           1           0  0.54s           2025-10-07T21:51:57
================================================================================
[2025-10-07T21:52:56.487+0000] {manager.py:878} INFO - 
================================================================================
DAG File Processing Stats

File Path                            PID    Runtime      # DAGs    # Errors  Last Runtime    Last Run
-----------------------------------  -----  ---------  --------  ----------  --------------  -------------------
/opt/airflow/dags/PremierDagLake.py                           1           0  0.49s           2025-10-07T21:52:28
================================================================================
[2025-10-07T21:53:17.630+0000] {manager.py:737} INFO - Searching for files in /opt/airflow/dags
[2025-10-07T21:53:17.633+0000] {manager.py:740} INFO - There are 1 files in /opt/airflow/dags
[2025-10-07T21:53:26.702+0000] {manager.py:878} INFO - 
================================================================================
DAG File Processing Stats

File Path                            PID    Runtime      # DAGs    # Errors  Last Runtime    Last Run
-----------------------------------  -----  ---------  --------  ----------  --------------  -------------------
/opt/airflow/dags/PremierDagLake.py                           1           0  0.50s           2025-10-07T21:52:59
================================================================================
[2025-10-07T21:53:56.849+0000] {manager.py:878} INFO - 
================================================================================
DAG File Processing Stats

File Path                            PID    Runtime      # DAGs    # Errors  Last Runtime    Last Run
-----------------------------------  -----  ---------  --------  ----------  --------------  -------------------
/opt/airflow/dags/PremierDagLake.py                           1           0  0.51s           2025-10-07T21:53:29
================================================================================
[2025-10-07T21:54:27.037+0000] {manager.py:878} INFO - 
================================================================================
DAG File Processing Stats

File Path                            PID    Runtime      # DAGs    # Errors  Last Runtime    Last Run
-----------------------------------  -----  ---------  --------  ----------  --------------  -------------------
/opt/airflow/dags/PremierDagLake.py                           1           0  0.46s           2025-10-07T21:54:00
================================================================================
[2025-10-07T21:54:57.192+0000] {manager.py:878} INFO - 
================================================================================
DAG File Processing Stats

File Path                            PID    Runtime      # DAGs    # Errors  Last Runtime    Last Run
-----------------------------------  -----  ---------  --------  ----------  --------------  -------------------
/opt/airflow/dags/PremierDagLake.py                           1           0  0.54s           2025-10-07T21:54:31
================================================================================
[2025-10-07T21:55:27.851+0000] {manager.py:878} INFO - 
================================================================================
DAG File Processing Stats

File Path                            PID    Runtime      # DAGs    # Errors  Last Runtime    Last Run
-----------------------------------  -----  ---------  --------  ----------  --------------  -------------------
/opt/airflow/dags/PremierDagLake.py                           1           0  0.47s           2025-10-07T21:55:01
================================================================================
[2025-10-07T21:55:58.010+0000] {manager.py:878} INFO - 
================================================================================
DAG File Processing Stats

File Path                            PID    Runtime      # DAGs    # Errors  Last Runtime    Last Run
-----------------------------------  -----  ---------  --------  ----------  --------------  -------------------
/opt/airflow/dags/PremierDagLake.py                           1           0  0.49s           2025-10-07T21:55:32
================================================================================
[2025-10-07T21:56:28.139+0000] {manager.py:878} INFO - 
================================================================================
DAG File Processing Stats

File Path                            PID    Runtime      # DAGs    # Errors  Last Runtime    Last Run
-----------------------------------  -----  ---------  --------  ----------  --------------  -------------------
/opt/airflow/dags/PremierDagLake.py                           1           0  0.46s           2025-10-07T21:56:02
================================================================================
[2025-10-07T21:56:58.303+0000] {manager.py:878} INFO - 
================================================================================
DAG File Processing Stats

File Path                            PID    Runtime      # DAGs    # Errors  Last Runtime    Last Run
-----------------------------------  -----  ---------  --------  ----------  --------------  -------------------
/opt/airflow/dags/PremierDagLake.py                           1           0  0.49s           2025-10-07T21:56:33
================================================================================
[2025-10-07T21:57:28.438+0000] {manager.py:878} INFO - 
================================================================================
DAG File Processing Stats

File Path                            PID    Runtime      # DAGs    # Errors  Last Runtime    Last Run
-----------------------------------  -----  ---------  --------  ----------  --------------  -------------------
/opt/airflow/dags/PremierDagLake.py                           1           0  0.48s           2025-10-07T21:57:04
================================================================================
[2025-10-07T21:57:58.629+0000] {manager.py:878} INFO - 
================================================================================
DAG File Processing Stats

File Path                            PID    Runtime      # DAGs    # Errors  Last Runtime    Last Run
-----------------------------------  -----  ---------  --------  ----------  --------------  -------------------
/opt/airflow/dags/PremierDagLake.py                           1           0  0.48s           2025-10-07T21:57:34
================================================================================
[2025-10-07T21:58:17.678+0000] {manager.py:737} INFO - Searching for files in /opt/airflow/dags
[2025-10-07T21:58:17.681+0000] {manager.py:740} INFO - There are 1 files in /opt/airflow/dags
[2025-10-07T21:58:28.769+0000] {manager.py:878} INFO - 
================================================================================
DAG File Processing Stats

File Path                            PID    Runtime      # DAGs    # Errors  Last Runtime    Last Run
-----------------------------------  -----  ---------  --------  ----------  --------------  -------------------
/opt/airflow/dags/PremierDagLake.py                           1           0  0.50s           2025-10-07T21:58:05
================================================================================
[2025-10-07T21:58:58.949+0000] {manager.py:878} INFO - 
================================================================================
DAG File Processing Stats

File Path                            PID    Runtime      # DAGs    # Errors  Last Runtime    Last Run
-----------------------------------  -----  ---------  --------  ----------  --------------  -------------------
/opt/airflow/dags/PremierDagLake.py                           1           0  0.45s           2025-10-07T21:58:36
================================================================================
[2025-10-07T21:59:29.086+0000] {manager.py:878} INFO - 
================================================================================
DAG File Processing Stats

File Path                            PID    Runtime      # DAGs    # Errors  Last Runtime    Last Run
-----------------------------------  -----  ---------  --------  ----------  --------------  -------------------
/opt/airflow/dags/PremierDagLake.py                           1           0  0.51s           2025-10-07T21:59:06
================================================================================
[2025-10-07T21:59:59.285+0000] {manager.py:878} INFO - 
================================================================================
DAG File Processing Stats

File Path                            PID    Runtime      # DAGs    # Errors  Last Runtime    Last Run
-----------------------------------  -----  ---------  --------  ----------  --------------  -------------------
/opt/airflow/dags/PremierDagLake.py                           1           0  0.45s           2025-10-07T21:59:37
================================================================================
[2025-10-07T22:00:29.434+0000] {manager.py:878} INFO - 
================================================================================
DAG File Processing Stats

File Path                            PID    Runtime      # DAGs    # Errors  Last Runtime    Last Run
-----------------------------------  -----  ---------  --------  ----------  --------------  -------------------
/opt/airflow/dags/PremierDagLake.py                           1           0  0.57s           2025-10-07T22:00:08
================================================================================
[2025-10-07T22:00:59.622+0000] {manager.py:878} INFO - 
================================================================================
DAG File Processing Stats

File Path                            PID    Runtime      # DAGs    # Errors  Last Runtime    Last Run
-----------------------------------  -----  ---------  --------  ----------  --------------  -------------------
/opt/airflow/dags/PremierDagLake.py                           1           0  0.45s           2025-10-07T22:00:38
================================================================================
[2025-10-07T22:01:29.751+0000] {manager.py:878} INFO - 
================================================================================
DAG File Processing Stats

File Path                            PID    Runtime      # DAGs    # Errors  Last Runtime    Last Run
-----------------------------------  -----  ---------  --------  ----------  --------------  -------------------
/opt/airflow/dags/PremierDagLake.py                           1           0  0.53s           2025-10-07T22:01:09
================================================================================
[2025-10-07T22:02:00.361+0000] {manager.py:878} INFO - 
================================================================================
DAG File Processing Stats

File Path                            PID    Runtime      # DAGs    # Errors  Last Runtime    Last Run
-----------------------------------  -----  ---------  --------  ----------  --------------  -------------------
/opt/airflow/dags/PremierDagLake.py                           1           0  0.55s           2025-10-07T22:01:40
================================================================================
[2025-10-07T22:02:30.593+0000] {manager.py:878} INFO - 
================================================================================
DAG File Processing Stats

File Path                            PID    Runtime      # DAGs    # Errors  Last Runtime    Last Run
-----------------------------------  -----  ---------  --------  ----------  --------------  -------------------
/opt/airflow/dags/PremierDagLake.py                           1           0  0.56s           2025-10-07T22:02:10
================================================================================
[2025-10-07T22:03:00.730+0000] {manager.py:878} INFO - 
================================================================================
DAG File Processing Stats

File Path                            PID    Runtime      # DAGs    # Errors  Last Runtime    Last Run
-----------------------------------  -----  ---------  --------  ----------  --------------  -------------------
/opt/airflow/dags/PremierDagLake.py                           1           0  0.49s           2025-10-07T22:02:41
================================================================================
[2025-10-07T22:03:17.841+0000] {manager.py:737} INFO - Searching for files in /opt/airflow/dags
[2025-10-07T22:03:17.844+0000] {manager.py:740} INFO - There are 1 files in /opt/airflow/dags
[2025-10-07T22:03:30.935+0000] {manager.py:878} INFO - 
================================================================================
DAG File Processing Stats

File Path                            PID    Runtime      # DAGs    # Errors  Last Runtime    Last Run
-----------------------------------  -----  ---------  --------  ----------  --------------  -------------------
/opt/airflow/dags/PremierDagLake.py                           1           0  0.44s           2025-10-07T22:03:12
================================================================================
[2025-10-07T22:04:01.035+0000] {manager.py:878} INFO - 
================================================================================
DAG File Processing Stats

File Path                            PID    Runtime      # DAGs    # Errors  Last Runtime    Last Run
-----------------------------------  -----  ---------  --------  ----------  --------------  -------------------
/opt/airflow/dags/PremierDagLake.py                           1           0  0.53s           2025-10-07T22:03:42
================================================================================
[2025-10-07T22:04:31.185+0000] {manager.py:878} INFO - 
================================================================================
DAG File Processing Stats

File Path                            PID    Runtime      # DAGs    # Errors  Last Runtime    Last Run
-----------------------------------  -----  ---------  --------  ----------  --------------  -------------------
/opt/airflow/dags/PremierDagLake.py                           1           0  0.47s           2025-10-07T22:04:13
================================================================================
[2025-10-07T22:05:01.294+0000] {manager.py:878} INFO - 
================================================================================
DAG File Processing Stats

File Path                            PID    Runtime      # DAGs    # Errors  Last Runtime    Last Run
-----------------------------------  -----  ---------  --------  ----------  --------------  -------------------
/opt/airflow/dags/PremierDagLake.py                           1           0  0.49s           2025-10-07T22:04:44
================================================================================
[2025-10-07T22:05:31.461+0000] {manager.py:878} INFO - 
================================================================================
DAG File Processing Stats

File Path                            PID    Runtime      # DAGs    # Errors  Last Runtime    Last Run
-----------------------------------  -----  ---------  --------  ----------  --------------  -------------------
/opt/airflow/dags/PremierDagLake.py                           1           0  0.50s           2025-10-07T22:05:14
================================================================================
[2025-10-07T22:06:01.624+0000] {manager.py:878} INFO - 
================================================================================
DAG File Processing Stats

File Path                            PID    Runtime      # DAGs    # Errors  Last Runtime    Last Run
-----------------------------------  -----  ---------  --------  ----------  --------------  -------------------
/opt/airflow/dags/PremierDagLake.py                           1           0  0.59s           2025-10-07T22:05:45
================================================================================
[2025-10-07T22:06:31.843+0000] {manager.py:878} INFO - 
================================================================================
DAG File Processing Stats

File Path                            PID    Runtime      # DAGs    # Errors  Last Runtime    Last Run
-----------------------------------  -----  ---------  --------  ----------  --------------  -------------------
/opt/airflow/dags/PremierDagLake.py                           1           0  0.49s           2025-10-07T22:06:16
================================================================================
[2025-10-07T22:07:01.971+0000] {manager.py:878} INFO - 
================================================================================
DAG File Processing Stats

File Path                            PID    Runtime      # DAGs    # Errors  Last Runtime    Last Run
-----------------------------------  -----  ---------  --------  ----------  --------------  -------------------
/opt/airflow/dags/PremierDagLake.py                           1           0  0.54s           2025-10-07T22:06:46
================================================================================
[2025-10-07T22:07:32.588+0000] {manager.py:878} INFO - 
================================================================================
DAG File Processing Stats

File Path                            PID    Runtime      # DAGs    # Errors  Last Runtime    Last Run
-----------------------------------  -----  ---------  --------  ----------  --------------  -------------------
/opt/airflow/dags/PremierDagLake.py                           1           0  0.52s           2025-10-07T22:07:17
================================================================================
[2025-10-07T22:08:02.798+0000] {manager.py:878} INFO - 
================================================================================
DAG File Processing Stats

File Path                            PID    Runtime      # DAGs    # Errors  Last Runtime    Last Run
-----------------------------------  -----  ---------  --------  ----------  --------------  -------------------
/opt/airflow/dags/PremierDagLake.py                           1           0  0.46s           2025-10-07T22:07:48
================================================================================
[2025-10-07T22:08:17.877+0000] {manager.py:737} INFO - Searching for files in /opt/airflow/dags
[2025-10-07T22:08:17.879+0000] {manager.py:740} INFO - There are 1 files in /opt/airflow/dags
[2025-10-07T22:08:32.905+0000] {manager.py:878} INFO - 
================================================================================
DAG File Processing Stats

File Path                            PID    Runtime      # DAGs    # Errors  Last Runtime    Last Run
-----------------------------------  -----  ---------  --------  ----------  --------------  -------------------
/opt/airflow/dags/PremierDagLake.py                           1           0  0.53s           2025-10-07T22:08:18
================================================================================
[2025-10-07T22:09:03.526+0000] {manager.py:878} INFO - 
================================================================================
DAG File Processing Stats

File Path                            PID    Runtime      # DAGs    # Errors  Last Runtime    Last Run
-----------------------------------  -----  ---------  --------  ----------  --------------  -------------------
/opt/airflow/dags/PremierDagLake.py                           1           0  0.47s           2025-10-07T22:08:49
================================================================================
[2025-10-07T22:09:33.700+0000] {manager.py:878} INFO - 
================================================================================
DAG File Processing Stats

File Path                            PID    Runtime      # DAGs    # Errors  Last Runtime    Last Run
-----------------------------------  -----  ---------  --------  ----------  --------------  -------------------
/opt/airflow/dags/PremierDagLake.py                           1           0  0.48s           2025-10-07T22:09:20
================================================================================
[2025-10-07T22:10:03.786+0000] {manager.py:878} INFO - 
================================================================================
DAG File Processing Stats

File Path                            PID    Runtime      # DAGs    # Errors  Last Runtime    Last Run
-----------------------------------  -----  ---------  --------  ----------  --------------  -------------------
/opt/airflow/dags/PremierDagLake.py                           1           0  0.47s           2025-10-07T22:09:50
================================================================================
[2025-10-07T22:10:34.474+0000] {manager.py:878} INFO - 
================================================================================
DAG File Processing Stats

File Path                            PID    Runtime      # DAGs    # Errors  Last Runtime    Last Run
-----------------------------------  -----  ---------  --------  ----------  --------------  -------------------
/opt/airflow/dags/PremierDagLake.py                           1           0  0.80s           2025-10-07T22:10:21
================================================================================
[2025-10-07T22:11:04.550+0000] {manager.py:878} INFO - 
================================================================================
DAG File Processing Stats

File Path                            PID    Runtime      # DAGs    # Errors  Last Runtime    Last Run
-----------------------------------  -----  ---------  --------  ----------  --------------  -------------------
/opt/airflow/dags/PremierDagLake.py                           1           0  0.69s           2025-10-07T22:10:52
================================================================================
[2025-10-07T22:11:34.962+0000] {manager.py:878} INFO - 
================================================================================
DAG File Processing Stats

File Path                            PID    Runtime      # DAGs    # Errors  Last Runtime    Last Run
-----------------------------------  -----  ---------  --------  ----------  --------------  -------------------
/opt/airflow/dags/PremierDagLake.py                           1           0  0.61s           2025-10-07T22:11:23
================================================================================
[2025-10-07T22:12:05.376+0000] {manager.py:878} INFO - 
================================================================================
DAG File Processing Stats

File Path                            PID    Runtime      # DAGs    # Errors  Last Runtime    Last Run
-----------------------------------  -----  ---------  --------  ----------  --------------  -------------------
/opt/airflow/dags/PremierDagLake.py                           1           0  0.55s           2025-10-07T22:11:53
================================================================================
[2025-10-07T22:12:35.480+0000] {manager.py:878} INFO - 
================================================================================
DAG File Processing Stats

File Path                            PID    Runtime      # DAGs    # Errors  Last Runtime    Last Run
-----------------------------------  -----  ---------  --------  ----------  --------------  -------------------
/opt/airflow/dags/PremierDagLake.py                           1           0  0.55s           2025-10-07T22:12:24
================================================================================
[2025-10-07T22:13:05.673+0000] {manager.py:878} INFO - 
================================================================================
DAG File Processing Stats

File Path                            PID    Runtime      # DAGs    # Errors  Last Runtime    Last Run
-----------------------------------  -----  ---------  --------  ----------  --------------  -------------------
/opt/airflow/dags/PremierDagLake.py                           1           0  0.60s           2025-10-07T22:12:55
================================================================================
[2025-10-07T22:13:18.244+0000] {manager.py:737} INFO - Searching for files in /opt/airflow/dags
[2025-10-07T22:13:18.246+0000] {manager.py:740} INFO - There are 1 files in /opt/airflow/dags
[2025-10-07T22:13:36.332+0000] {manager.py:878} INFO - 
================================================================================
DAG File Processing Stats

File Path                            PID    Runtime      # DAGs    # Errors  Last Runtime    Last Run
-----------------------------------  -----  ---------  --------  ----------  --------------  -------------------
/opt/airflow/dags/PremierDagLake.py                           1           0  1.08s           2025-10-07T22:13:26
================================================================================
[2025-10-07T22:14:06.535+0000] {manager.py:878} INFO - 
================================================================================
DAG File Processing Stats

File Path                            PID    Runtime      # DAGs    # Errors  Last Runtime    Last Run
-----------------------------------  -----  ---------  --------  ----------  --------------  -------------------
/opt/airflow/dags/PremierDagLake.py                           1           0  0.65s           2025-10-07T22:13:57
================================================================================
[2025-10-07T22:14:48.313+0000] {manager.py:878} INFO - 
================================================================================
DAG File Processing Stats

File Path                              PID  Runtime      # DAGs    # Errors  Last Runtime    Last Run
-----------------------------------  -----  ---------  --------  ----------  --------------  -------------------
/opt/airflow/dags/PremierDagLake.py   2928  18.45s            1           0  0.65s           2025-10-07T22:13:57
================================================================================
[2025-10-07T22:15:02.072+0000] {manager.py:1016} ERROR - Processor for /opt/airflow/dags/PremierDagLake.py exited with return code 1.
[2025-10-07T22:15:20.228+0000] {manager.py:878} INFO - 
================================================================================
DAG File Processing Stats

File Path                            PID    Runtime      # DAGs    # Errors  Last Runtime    Last Run
-----------------------------------  -----  ---------  --------  ----------  --------------  -------------------
/opt/airflow/dags/PremierDagLake.py                           0          -1  34.61s          2025-10-07T22:15:02
================================================================================
[2025-10-07T22:15:50.336+0000] {manager.py:878} INFO - 
================================================================================
DAG File Processing Stats

File Path                            PID    Runtime      # DAGs    # Errors  Last Runtime    Last Run
-----------------------------------  -----  ---------  --------  ----------  --------------  -------------------
/opt/airflow/dags/PremierDagLake.py                           1           0  0.74s           2025-10-07T22:15:33
================================================================================
[2025-10-07T22:16:20.436+0000] {manager.py:878} INFO - 
================================================================================
DAG File Processing Stats

File Path                            PID    Runtime      # DAGs    # Errors  Last Runtime    Last Run
-----------------------------------  -----  ---------  --------  ----------  --------------  -------------------
/opt/airflow/dags/PremierDagLake.py                           1           0  0.77s           2025-10-07T22:16:03
================================================================================
[2025-10-07T22:16:50.543+0000] {manager.py:878} INFO - 
================================================================================
DAG File Processing Stats

File Path                            PID    Runtime      # DAGs    # Errors  Last Runtime    Last Run
-----------------------------------  -----  ---------  --------  ----------  --------------  -------------------
/opt/airflow/dags/PremierDagLake.py                           1           0  0.59s           2025-10-07T22:16:34
================================================================================
[2025-10-07T22:17:20.743+0000] {manager.py:878} INFO - 
================================================================================
DAG File Processing Stats

File Path                            PID    Runtime      # DAGs    # Errors  Last Runtime    Last Run
-----------------------------------  -----  ---------  --------  ----------  --------------  -------------------
/opt/airflow/dags/PremierDagLake.py                           1           0  0.61s           2025-10-07T22:17:05
================================================================================
[2025-10-07T22:17:50.863+0000] {manager.py:878} INFO - 
================================================================================
DAG File Processing Stats

File Path                            PID    Runtime      # DAGs    # Errors  Last Runtime    Last Run
-----------------------------------  -----  ---------  --------  ----------  --------------  -------------------
/opt/airflow/dags/PremierDagLake.py                           1           0  0.73s           2025-10-07T22:17:36
================================================================================
[2025-10-07T22:18:18.968+0000] {manager.py:737} INFO - Searching for files in /opt/airflow/dags
[2025-10-07T22:18:18.971+0000] {manager.py:740} INFO - There are 1 files in /opt/airflow/dags
[2025-10-07T22:18:20.989+0000] {manager.py:878} INFO - 
================================================================================
DAG File Processing Stats

File Path                            PID    Runtime      # DAGs    # Errors  Last Runtime    Last Run
-----------------------------------  -----  ---------  --------  ----------  --------------  -------------------
/opt/airflow/dags/PremierDagLake.py                           1           0  0.89s           2025-10-07T22:18:07
================================================================================
[2025-10-07T22:18:50.997+0000] {manager.py:878} INFO - 
================================================================================
DAG File Processing Stats

File Path                            PID    Runtime      # DAGs    # Errors  Last Runtime    Last Run
-----------------------------------  -----  ---------  --------  ----------  --------------  -------------------
/opt/airflow/dags/PremierDagLake.py                           1           0  0.70s           2025-10-07T22:18:37
================================================================================
[2025-10-07T22:19:21.453+0000] {manager.py:878} INFO - 
================================================================================
DAG File Processing Stats

File Path                            PID    Runtime      # DAGs    # Errors  Last Runtime    Last Run
-----------------------------------  -----  ---------  --------  ----------  --------------  -------------------
/opt/airflow/dags/PremierDagLake.py                           1           0  1.62s           2025-10-07T22:19:09
================================================================================
[2025-10-07T22:19:51.991+0000] {manager.py:878} INFO - 
================================================================================
DAG File Processing Stats

File Path                            PID    Runtime      # DAGs    # Errors  Last Runtime    Last Run
-----------------------------------  -----  ---------  --------  ----------  --------------  -------------------
/opt/airflow/dags/PremierDagLake.py                           1           0  2.53s           2025-10-07T22:19:42
================================================================================
[2025-10-07T22:20:22.662+0000] {manager.py:878} INFO - 
================================================================================
DAG File Processing Stats

File Path                            PID    Runtime      # DAGs    # Errors  Last Runtime    Last Run
-----------------------------------  -----  ---------  --------  ----------  --------------  -------------------
/opt/airflow/dags/PremierDagLake.py                           1           0  1.19s           2025-10-07T22:20:13
================================================================================
[2025-10-07T22:20:53.013+0000] {manager.py:878} INFO - 
================================================================================
DAG File Processing Stats

File Path                            PID    Runtime      # DAGs    # Errors  Last Runtime    Last Run
-----------------------------------  -----  ---------  --------  ----------  --------------  -------------------
/opt/airflow/dags/PremierDagLake.py                           1           0  1.35s           2025-10-07T22:20:45
================================================================================
[2025-10-07T22:21:23.156+0000] {manager.py:878} INFO - 
================================================================================
DAG File Processing Stats

File Path                            PID    Runtime      # DAGs    # Errors  Last Runtime    Last Run
-----------------------------------  -----  ---------  --------  ----------  --------------  -------------------
/opt/airflow/dags/PremierDagLake.py                           1           0  0.87s           2025-10-07T22:21:16
================================================================================
[2025-10-07T22:21:53.567+0000] {manager.py:878} INFO - 
================================================================================
DAG File Processing Stats

File Path                            PID    Runtime      # DAGs    # Errors  Last Runtime    Last Run
-----------------------------------  -----  ---------  --------  ----------  --------------  -------------------
/opt/airflow/dags/PremierDagLake.py                           1           0  1.07s           2025-10-07T22:21:47
================================================================================
[2025-10-07T22:22:23.749+0000] {manager.py:878} INFO - 
================================================================================
DAG File Processing Stats

File Path                            PID    Runtime      # DAGs    # Errors  Last Runtime    Last Run
-----------------------------------  -----  ---------  --------  ----------  --------------  -------------------
/opt/airflow/dags/PremierDagLake.py                           1           0  0.93s           2025-10-07T22:22:18
================================================================================
[2025-10-07T22:22:53.986+0000] {manager.py:878} INFO - 
================================================================================
DAG File Processing Stats

File Path                            PID    Runtime      # DAGs    # Errors  Last Runtime    Last Run
-----------------------------------  -----  ---------  --------  ----------  --------------  -------------------
/opt/airflow/dags/PremierDagLake.py                           1           0  1.25s           2025-10-07T22:22:50
================================================================================
[2025-10-07T22:23:19.217+0000] {manager.py:737} INFO - Searching for files in /opt/airflow/dags
[2025-10-07T22:23:19.221+0000] {manager.py:740} INFO - There are 1 files in /opt/airflow/dags
[2025-10-07T22:23:24.130+0000] {manager.py:878} INFO - 
================================================================================
DAG File Processing Stats

File Path                            PID    Runtime      # DAGs    # Errors  Last Runtime    Last Run
-----------------------------------  -----  ---------  --------  ----------  --------------  -------------------
/opt/airflow/dags/PremierDagLake.py                           1           0  1.83s           2025-10-07T22:23:22
================================================================================
[2025-10-07T22:23:54.426+0000] {manager.py:878} INFO - 
================================================================================
DAG File Processing Stats

File Path                              PID  Runtime      # DAGs    # Errors  Last Runtime    Last Run
-----------------------------------  -----  ---------  --------  ----------  --------------  -------------------
/opt/airflow/dags/PremierDagLake.py   2962  2.04s             1           0  1.83s           2025-10-07T22:23:22
================================================================================
[2025-10-07T22:24:24.760+0000] {manager.py:878} INFO - 
================================================================================
DAG File Processing Stats

File Path                              PID  Runtime      # DAGs    # Errors  Last Runtime    Last Run
-----------------------------------  -----  ---------  --------  ----------  --------------  -------------------
/opt/airflow/dags/PremierDagLake.py   2964  0.01s             1           0  2.33s           2025-10-07T22:23:54
================================================================================
[2025-10-07T22:24:55.066+0000] {manager.py:878} INFO - 
================================================================================
DAG File Processing Stats

File Path                            PID    Runtime      # DAGs    # Errors  Last Runtime    Last Run
-----------------------------------  -----  ---------  --------  ----------  --------------  -------------------
/opt/airflow/dags/PremierDagLake.py                           1           0  1.17s           2025-10-07T22:24:25
================================================================================
[2025-10-07T22:25:25.243+0000] {manager.py:878} INFO - 
================================================================================
DAG File Processing Stats

File Path                            PID    Runtime      # DAGs    # Errors  Last Runtime    Last Run
-----------------------------------  -----  ---------  --------  ----------  --------------  -------------------
/opt/airflow/dags/PremierDagLake.py                           1           0  1.16s           2025-10-07T22:24:57
================================================================================
[2025-10-07T22:25:55.481+0000] {manager.py:878} INFO - 
================================================================================
DAG File Processing Stats

File Path                            PID    Runtime      # DAGs    # Errors  Last Runtime    Last Run
-----------------------------------  -----  ---------  --------  ----------  --------------  -------------------
/opt/airflow/dags/PremierDagLake.py                           1           0  1.23s           2025-10-07T22:25:28
================================================================================
[2025-10-07T22:26:25.701+0000] {manager.py:878} INFO - 
================================================================================
DAG File Processing Stats

File Path                            PID    Runtime      # DAGs    # Errors  Last Runtime    Last Run
-----------------------------------  -----  ---------  --------  ----------  --------------  -------------------
/opt/airflow/dags/PremierDagLake.py                           1           0  1.51s           2025-10-07T22:26:00
================================================================================
[2025-10-07T22:26:56.275+0000] {manager.py:878} INFO - 
================================================================================
DAG File Processing Stats

File Path                            PID    Runtime      # DAGs    # Errors  Last Runtime    Last Run
-----------------------------------  -----  ---------  --------  ----------  --------------  -------------------
/opt/airflow/dags/PremierDagLake.py                           1           0  1.08s           2025-10-07T22:26:31
================================================================================
[2025-10-07T22:27:26.407+0000] {manager.py:878} INFO - 
================================================================================
DAG File Processing Stats

File Path                            PID    Runtime      # DAGs    # Errors  Last Runtime    Last Run
-----------------------------------  -----  ---------  --------  ----------  --------------  -------------------
/opt/airflow/dags/PremierDagLake.py                           1           0  0.76s           2025-10-07T22:27:02
================================================================================
[2025-10-07T22:27:56.512+0000] {manager.py:878} INFO - 
================================================================================
DAG File Processing Stats

File Path                            PID    Runtime      # DAGs    # Errors  Last Runtime    Last Run
-----------------------------------  -----  ---------  --------  ----------  --------------  -------------------
/opt/airflow/dags/PremierDagLake.py                           1           0  0.75s           2025-10-07T22:27:32
================================================================================
[2025-10-07T22:28:19.594+0000] {manager.py:737} INFO - Searching for files in /opt/airflow/dags
[2025-10-07T22:28:19.599+0000] {manager.py:740} INFO - There are 1 files in /opt/airflow/dags
[2025-10-07T22:28:26.639+0000] {manager.py:878} INFO - 
================================================================================
DAG File Processing Stats

File Path                            PID    Runtime      # DAGs    # Errors  Last Runtime    Last Run
-----------------------------------  -----  ---------  --------  ----------  --------------  -------------------
/opt/airflow/dags/PremierDagLake.py                           1           0  0.79s           2025-10-07T22:28:03
================================================================================
[2025-10-07T22:28:56.989+0000] {manager.py:878} INFO - 
================================================================================
DAG File Processing Stats

File Path                            PID    Runtime      # DAGs    # Errors  Last Runtime    Last Run
-----------------------------------  -----  ---------  --------  ----------  --------------  -------------------
/opt/airflow/dags/PremierDagLake.py                           1           0  0.61s           2025-10-07T22:28:34
================================================================================
[2025-10-07T22:29:27.096+0000] {manager.py:878} INFO - 
================================================================================
DAG File Processing Stats

File Path                            PID    Runtime      # DAGs    # Errors  Last Runtime    Last Run
-----------------------------------  -----  ---------  --------  ----------  --------------  -------------------
/opt/airflow/dags/PremierDagLake.py                           1           0  0.73s           2025-10-07T22:29:05
================================================================================
[2025-10-07T22:29:57.217+0000] {manager.py:878} INFO - 
================================================================================
DAG File Processing Stats

File Path                            PID    Runtime      # DAGs    # Errors  Last Runtime    Last Run
-----------------------------------  -----  ---------  --------  ----------  --------------  -------------------
/opt/airflow/dags/PremierDagLake.py                           1           0  0.93s           2025-10-07T22:29:36
================================================================================
[2025-10-07T22:30:27.348+0000] {manager.py:878} INFO - 
================================================================================
DAG File Processing Stats

File Path                            PID    Runtime      # DAGs    # Errors  Last Runtime    Last Run
-----------------------------------  -----  ---------  --------  ----------  --------------  -------------------
/opt/airflow/dags/PremierDagLake.py                           1           0  0.78s           2025-10-07T22:30:07
================================================================================
[2025-10-07T22:30:57.711+0000] {manager.py:878} INFO - 
================================================================================
DAG File Processing Stats

File Path                            PID    Runtime      # DAGs    # Errors  Last Runtime    Last Run
-----------------------------------  -----  ---------  --------  ----------  --------------  -------------------
/opt/airflow/dags/PremierDagLake.py                           1           0  1.10s           2025-10-07T22:30:38
================================================================================
[2025-10-07T22:31:28.562+0000] {manager.py:878} INFO - 
================================================================================
DAG File Processing Stats

File Path                            PID    Runtime      # DAGs    # Errors  Last Runtime    Last Run
-----------------------------------  -----  ---------  --------  ----------  --------------  -------------------
/opt/airflow/dags/PremierDagLake.py                           1           0  3.61s           2025-10-07T22:31:12
================================================================================
[2025-10-07T22:31:58.847+0000] {manager.py:878} INFO - 
================================================================================
DAG File Processing Stats

File Path                            PID    Runtime      # DAGs    # Errors  Last Runtime    Last Run
-----------------------------------  -----  ---------  --------  ----------  --------------  -------------------
/opt/airflow/dags/PremierDagLake.py                           1           0  0.87s           2025-10-07T22:31:43
================================================================================
[2025-10-07T22:32:29.082+0000] {manager.py:878} INFO - 
================================================================================
DAG File Processing Stats

File Path                            PID    Runtime      # DAGs    # Errors  Last Runtime    Last Run
-----------------------------------  -----  ---------  --------  ----------  --------------  -------------------
/opt/airflow/dags/PremierDagLake.py                           1           0  0.48s           2025-10-07T22:32:14
================================================================================
[2025-10-07T22:32:59.596+0000] {manager.py:878} INFO - 
================================================================================
DAG File Processing Stats

File Path                            PID    Runtime      # DAGs    # Errors  Last Runtime    Last Run
-----------------------------------  -----  ---------  --------  ----------  --------------  -------------------
/opt/airflow/dags/PremierDagLake.py                           1           0  0.49s           2025-10-07T22:32:45
================================================================================
[2025-10-07T22:33:21.939+0000] {manager.py:737} INFO - Searching for files in /opt/airflow/dags
[2025-10-07T22:33:23.767+0000] {manager.py:740} INFO - There are 1 files in /opt/airflow/dags
[2025-10-07T22:43:42.590+0000] {manager.py:1203} ERROR - Processor for /opt/airflow/dags/PremierDagLake.py with PID 2998 started at 2025-10-07T22:33:15.216590+00:00 has timed out, killing it.
[2025-10-07T22:44:23.433+0000] {manager.py:878} INFO - 
================================================================================
DAG File Processing Stats

File Path                              PID  Runtime      # DAGs    # Errors  Last Runtime    Last Run
-----------------------------------  -----  ---------  --------  ----------  --------------  -------------------
/opt/airflow/dags/PremierDagLake.py   3000  0.14s             0           1  625.14s         2025-10-07T22:43:40
================================================================================
[2025-10-07T22:44:23.857+0000] {manager.py:737} INFO - Searching for files in /opt/airflow/dags
[2025-10-07T22:44:23.868+0000] {manager.py:740} INFO - There are 1 files in /opt/airflow/dags
[2025-10-07T22:44:54.303+0000] {manager.py:878} INFO - 
================================================================================
DAG File Processing Stats

File Path                            PID    Runtime      # DAGs    # Errors  Last Runtime    Last Run
-----------------------------------  -----  ---------  --------  ----------  --------------  -------------------
/opt/airflow/dags/PremierDagLake.py                           1           0  7.02s           2025-10-07T22:44:30
================================================================================
[2025-10-07T22:45:24.484+0000] {manager.py:878} INFO - 
================================================================================
DAG File Processing Stats

File Path                            PID    Runtime      # DAGs    # Errors  Last Runtime    Last Run
-----------------------------------  -----  ---------  --------  ----------  --------------  -------------------
/opt/airflow/dags/PremierDagLake.py                           1           0  1.76s           2025-10-07T22:45:02
================================================================================
[2025-10-07T22:45:54.607+0000] {manager.py:878} INFO - 
================================================================================
DAG File Processing Stats

File Path                            PID    Runtime      # DAGs    # Errors  Last Runtime    Last Run
-----------------------------------  -----  ---------  --------  ----------  --------------  -------------------
/opt/airflow/dags/PremierDagLake.py                           1           0  0.82s           2025-10-07T22:45:33
================================================================================
[2025-10-07T22:46:24.735+0000] {manager.py:878} INFO - 
================================================================================
DAG File Processing Stats

File Path                            PID    Runtime      # DAGs    # Errors  Last Runtime    Last Run
-----------------------------------  -----  ---------  --------  ----------  --------------  -------------------
/opt/airflow/dags/PremierDagLake.py                           1           0  0.83s           2025-10-07T22:46:04
================================================================================
[2025-10-07T22:46:54.862+0000] {manager.py:878} INFO - 
================================================================================
DAG File Processing Stats

File Path                            PID    Runtime      # DAGs    # Errors  Last Runtime    Last Run
-----------------------------------  -----  ---------  --------  ----------  --------------  -------------------
/opt/airflow/dags/PremierDagLake.py                           1           0  0.82s           2025-10-07T22:46:34
================================================================================
[2025-10-07T22:47:25.004+0000] {manager.py:878} INFO - 
================================================================================
DAG File Processing Stats

File Path                            PID    Runtime      # DAGs    # Errors  Last Runtime    Last Run
-----------------------------------  -----  ---------  --------  ----------  --------------  -------------------
/opt/airflow/dags/PremierDagLake.py                           1           0  0.93s           2025-10-07T22:47:06
================================================================================
[2025-10-07T22:47:55.111+0000] {manager.py:878} INFO - 
================================================================================
DAG File Processing Stats

File Path                            PID    Runtime      # DAGs    # Errors  Last Runtime    Last Run
-----------------------------------  -----  ---------  --------  ----------  --------------  -------------------
/opt/airflow/dags/PremierDagLake.py                           1           0  0.98s           2025-10-07T22:47:37
================================================================================
[2025-10-07T22:48:25.140+0000] {manager.py:878} INFO - 
================================================================================
DAG File Processing Stats

File Path                            PID    Runtime      # DAGs    # Errors  Last Runtime    Last Run
-----------------------------------  -----  ---------  --------  ----------  --------------  -------------------
/opt/airflow/dags/PremierDagLake.py                           1           0  0.90s           2025-10-07T22:48:08
================================================================================
[2025-10-07T22:48:55.430+0000] {manager.py:878} INFO - 
================================================================================
DAG File Processing Stats

File Path                            PID    Runtime      # DAGs    # Errors  Last Runtime    Last Run
-----------------------------------  -----  ---------  --------  ----------  --------------  -------------------
/opt/airflow/dags/PremierDagLake.py                           1           0  0.87s           2025-10-07T22:48:39
================================================================================
[2025-10-07T22:49:24.070+0000] {manager.py:737} INFO - Searching for files in /opt/airflow/dags
[2025-10-07T22:49:24.072+0000] {manager.py:740} INFO - There are 1 files in /opt/airflow/dags
[2025-10-07T22:49:25.554+0000] {manager.py:878} INFO - 
================================================================================
DAG File Processing Stats

File Path                            PID    Runtime      # DAGs    # Errors  Last Runtime    Last Run
-----------------------------------  -----  ---------  --------  ----------  --------------  -------------------
/opt/airflow/dags/PremierDagLake.py                           1           0  0.81s           2025-10-07T22:49:10
================================================================================
[2025-10-07T22:49:56.232+0000] {manager.py:878} INFO - 
================================================================================
DAG File Processing Stats

File Path                            PID    Runtime      # DAGs    # Errors  Last Runtime    Last Run
-----------------------------------  -----  ---------  --------  ----------  --------------  -------------------
/opt/airflow/dags/PremierDagLake.py                           1           0  1.08s           2025-10-07T22:49:41
================================================================================
[2025-10-07T22:50:26.264+0000] {manager.py:878} INFO - 
================================================================================
DAG File Processing Stats

File Path                            PID    Runtime      # DAGs    # Errors  Last Runtime    Last Run
-----------------------------------  -----  ---------  --------  ----------  --------------  -------------------
/opt/airflow/dags/PremierDagLake.py                           1           0  0.89s           2025-10-07T22:50:12
================================================================================
[2025-10-07T22:50:56.516+0000] {manager.py:878} INFO - 
================================================================================
DAG File Processing Stats

File Path                            PID    Runtime      # DAGs    # Errors  Last Runtime    Last Run
-----------------------------------  -----  ---------  --------  ----------  --------------  -------------------
/opt/airflow/dags/PremierDagLake.py                           1           0  0.86s           2025-10-07T22:50:43
================================================================================
[2025-10-07T22:51:26.637+0000] {manager.py:878} INFO - 
================================================================================
DAG File Processing Stats

File Path                            PID    Runtime      # DAGs    # Errors  Last Runtime    Last Run
-----------------------------------  -----  ---------  --------  ----------  --------------  -------------------
/opt/airflow/dags/PremierDagLake.py                           1           0  0.82s           2025-10-07T22:51:14
================================================================================
[2025-10-07T22:51:56.761+0000] {manager.py:878} INFO - 
================================================================================
DAG File Processing Stats

File Path                            PID    Runtime      # DAGs    # Errors  Last Runtime    Last Run
-----------------------------------  -----  ---------  --------  ----------  --------------  -------------------
/opt/airflow/dags/PremierDagLake.py                           1           0  0.83s           2025-10-07T22:51:45
================================================================================
[2025-10-07T22:52:26.889+0000] {manager.py:878} INFO - 
================================================================================
DAG File Processing Stats

File Path                            PID    Runtime      # DAGs    # Errors  Last Runtime    Last Run
-----------------------------------  -----  ---------  --------  ----------  --------------  -------------------
/opt/airflow/dags/PremierDagLake.py                           1           0  0.96s           2025-10-07T22:52:16
================================================================================
[2025-10-07T22:52:57.015+0000] {manager.py:878} INFO - 
================================================================================
DAG File Processing Stats

File Path                            PID    Runtime      # DAGs    # Errors  Last Runtime    Last Run
-----------------------------------  -----  ---------  --------  ----------  --------------  -------------------
/opt/airflow/dags/PremierDagLake.py                           1           0  0.92s           2025-10-07T22:52:47
================================================================================
[2025-10-07T22:53:27.149+0000] {manager.py:878} INFO - 
================================================================================
DAG File Processing Stats

File Path                            PID    Runtime      # DAGs    # Errors  Last Runtime    Last Run
-----------------------------------  -----  ---------  --------  ----------  --------------  -------------------
/opt/airflow/dags/PremierDagLake.py                           1           0  0.82s           2025-10-07T22:53:18
================================================================================
[2025-10-07T22:53:57.332+0000] {manager.py:878} INFO - 
================================================================================
DAG File Processing Stats

File Path                            PID    Runtime      # DAGs    # Errors  Last Runtime    Last Run
-----------------------------------  -----  ---------  --------  ----------  --------------  -------------------
/opt/airflow/dags/PremierDagLake.py                           1           0  0.82s           2025-10-07T22:53:49
================================================================================
[2025-10-07T22:54:24.437+0000] {manager.py:737} INFO - Searching for files in /opt/airflow/dags
[2025-10-07T22:54:24.439+0000] {manager.py:740} INFO - There are 1 files in /opt/airflow/dags
[2025-10-07T22:54:27.466+0000] {manager.py:878} INFO - 
================================================================================
DAG File Processing Stats

File Path                            PID    Runtime      # DAGs    # Errors  Last Runtime    Last Run
-----------------------------------  -----  ---------  --------  ----------  --------------  -------------------
/opt/airflow/dags/PremierDagLake.py                           1           0  0.85s           2025-10-07T22:54:20
================================================================================
[2025-10-07T22:54:57.589+0000] {manager.py:878} INFO - 
================================================================================
DAG File Processing Stats

File Path                            PID    Runtime      # DAGs    # Errors  Last Runtime    Last Run
-----------------------------------  -----  ---------  --------  ----------  --------------  -------------------
/opt/airflow/dags/PremierDagLake.py                           1           0  0.91s           2025-10-07T22:54:51
================================================================================
[2025-10-07T22:55:27.712+0000] {manager.py:878} INFO - 
================================================================================
DAG File Processing Stats

File Path                            PID    Runtime      # DAGs    # Errors  Last Runtime    Last Run
-----------------------------------  -----  ---------  --------  ----------  --------------  -------------------
/opt/airflow/dags/PremierDagLake.py                           1           0  0.99s           2025-10-07T22:55:22
================================================================================
[2025-10-07T22:55:57.833+0000] {manager.py:878} INFO - 
================================================================================
DAG File Processing Stats

File Path                            PID    Runtime      # DAGs    # Errors  Last Runtime    Last Run
-----------------------------------  -----  ---------  --------  ----------  --------------  -------------------
/opt/airflow/dags/PremierDagLake.py                           1           0  0.89s           2025-10-07T22:55:53
================================================================================
[2025-10-07T22:56:27.975+0000] {manager.py:878} INFO - 
================================================================================
DAG File Processing Stats

File Path                            PID    Runtime      # DAGs    # Errors  Last Runtime    Last Run
-----------------------------------  -----  ---------  --------  ----------  --------------  -------------------
/opt/airflow/dags/PremierDagLake.py                           1           0  0.82s           2025-10-07T22:56:24
================================================================================
[2025-10-07T22:56:58.110+0000] {manager.py:878} INFO - 
================================================================================
DAG File Processing Stats

File Path                            PID    Runtime      # DAGs    # Errors  Last Runtime    Last Run
-----------------------------------  -----  ---------  --------  ----------  --------------  -------------------
/opt/airflow/dags/PremierDagLake.py                           1           0  0.87s           2025-10-07T22:56:55
================================================================================
[2025-10-07T22:57:28.273+0000] {manager.py:878} INFO - 
================================================================================
DAG File Processing Stats

File Path                            PID    Runtime      # DAGs    # Errors  Last Runtime    Last Run
-----------------------------------  -----  ---------  --------  ----------  --------------  -------------------
/opt/airflow/dags/PremierDagLake.py                           1           0  0.84s           2025-10-07T22:57:26
================================================================================
[2025-10-07T22:57:58.393+0000] {manager.py:878} INFO - 
================================================================================
DAG File Processing Stats

File Path                            PID    Runtime      # DAGs    # Errors  Last Runtime    Last Run
-----------------------------------  -----  ---------  --------  ----------  --------------  -------------------
/opt/airflow/dags/PremierDagLake.py                           1           0  0.92s           2025-10-07T22:57:57
================================================================================
[2025-10-07T22:58:28.510+0000] {manager.py:878} INFO - 
================================================================================
DAG File Processing Stats

File Path                            PID    Runtime      # DAGs    # Errors  Last Runtime    Last Run
-----------------------------------  -----  ---------  --------  ----------  --------------  -------------------
/opt/airflow/dags/PremierDagLake.py                           1           0  0.90s           2025-10-07T22:58:28
================================================================================
[2025-10-07T22:58:58.626+0000] {manager.py:878} INFO - 
================================================================================
DAG File Processing Stats

File Path                              PID  Runtime      # DAGs    # Errors  Last Runtime    Last Run
-----------------------------------  -----  ---------  --------  ----------  --------------  -------------------
/opt/airflow/dags/PremierDagLake.py   3056  0.34s             1           0  0.90s           2025-10-07T22:58:28
================================================================================
[2025-10-07T22:59:24.729+0000] {manager.py:737} INFO - Searching for files in /opt/airflow/dags
[2025-10-07T22:59:24.730+0000] {manager.py:740} INFO - There are 1 files in /opt/airflow/dags
[2025-10-07T22:59:28.757+0000] {manager.py:878} INFO - 
================================================================================
DAG File Processing Stats

File Path                            PID    Runtime      # DAGs    # Errors  Last Runtime    Last Run
-----------------------------------  -----  ---------  --------  ----------  --------------  -------------------
/opt/airflow/dags/PremierDagLake.py                           1           0  0.87s           2025-10-07T22:58:59
================================================================================
[2025-10-07T23:16:09.386+0000] {manager.py:737} INFO - Searching for files in /opt/airflow/dags
[2025-10-07T23:16:09.393+0000] {manager.py:740} INFO - There are 1 files in /opt/airflow/dags
[2025-10-07T23:16:35.630+0000] {manager.py:878} INFO - 
================================================================================
DAG File Processing Stats

File Path                            PID    Runtime      # DAGs    # Errors  Last Runtime    Last Run
-----------------------------------  -----  ---------  --------  ----------  --------------  -------------------
/opt/airflow/dags/PremierDagLake.py                           1           0  1.39s           2025-10-07T23:16:10
================================================================================
[2025-10-07T23:16:39.284+0000] {manager.py:452} INFO - Exiting gracefully upon receiving signal 15
[2025-10-08T09:10:46.510+0000] {manager.py:470} INFO - Processing files using up to 2 processes at a time 
[2025-10-08T09:10:46.513+0000] {manager.py:471} INFO - Process each file at most once every 30 seconds
[2025-10-08T09:10:46.514+0000] {manager.py:472} INFO - Checking for new files in /opt/airflow/dags every 300 seconds
[2025-10-08T09:10:46.515+0000] {manager.py:737} INFO - Searching for files in /opt/airflow/dags
[2025-10-08T09:10:46.520+0000] {manager.py:740} INFO - There are 1 files in /opt/airflow/dags
[2025-10-08T09:10:46.851+0000] {manager.py:878} INFO - 
================================================================================
DAG File Processing Stats

File Path                              PID  Runtime      # DAGs    # Errors  Last Runtime    Last Run
-----------------------------------  -----  ---------  --------  ----------  --------------  ----------
/opt/airflow/dags/PremierDagLake.py     71  0.14s             0           0
================================================================================
[2025-10-08T09:11:17.098+0000] {manager.py:878} INFO - 
================================================================================
DAG File Processing Stats

File Path                            PID    Runtime      # DAGs    # Errors  Last Runtime    Last Run
-----------------------------------  -----  ---------  --------  ----------  --------------  -------------------
/opt/airflow/dags/PremierDagLake.py                           1           0  2.97s           2025-10-08T09:10:49
================================================================================
[2025-10-08T09:11:47.280+0000] {manager.py:878} INFO - 
================================================================================
DAG File Processing Stats

File Path                            PID    Runtime      # DAGs    # Errors  Last Runtime    Last Run
-----------------------------------  -----  ---------  --------  ----------  --------------  -------------------
/opt/airflow/dags/PremierDagLake.py                           1           0  1.67s           2025-10-08T09:11:21
================================================================================
[2025-10-08T09:12:18.111+0000] {manager.py:878} INFO - 
================================================================================
DAG File Processing Stats

File Path                            PID    Runtime      # DAGs    # Errors  Last Runtime    Last Run
-----------------------------------  -----  ---------  --------  ----------  --------------  -------------------
/opt/airflow/dags/PremierDagLake.py                           1           0  1.14s           2025-10-08T09:11:53
================================================================================
[2025-10-08T09:12:48.286+0000] {manager.py:878} INFO - 
================================================================================
DAG File Processing Stats

File Path                            PID    Runtime      # DAGs    # Errors  Last Runtime    Last Run
-----------------------------------  -----  ---------  --------  ----------  --------------  -------------------
/opt/airflow/dags/PremierDagLake.py                           1           0  2.09s           2025-10-08T09:12:25
================================================================================
[2025-10-08T09:13:18.511+0000] {manager.py:878} INFO - 
================================================================================
DAG File Processing Stats

File Path                            PID    Runtime      # DAGs    # Errors  Last Runtime    Last Run
-----------------------------------  -----  ---------  --------  ----------  --------------  -------------------
/opt/airflow/dags/PremierDagLake.py                           1           0  1.62s           2025-10-08T09:12:56
================================================================================
[2025-10-08T09:13:48.668+0000] {manager.py:878} INFO - 
================================================================================
DAG File Processing Stats

File Path                            PID    Runtime      # DAGs    # Errors  Last Runtime    Last Run
-----------------------------------  -----  ---------  --------  ----------  --------------  -------------------
/opt/airflow/dags/PremierDagLake.py                           1           0  1.46s           2025-10-08T09:13:28
================================================================================
[2025-10-08T09:14:18.848+0000] {manager.py:878} INFO - 
================================================================================
DAG File Processing Stats

File Path                            PID    Runtime      # DAGs    # Errors  Last Runtime    Last Run
-----------------------------------  -----  ---------  --------  ----------  --------------  -------------------
/opt/airflow/dags/PremierDagLake.py                           1           0  1.65s           2025-10-08T09:14:00
================================================================================
[2025-10-08T09:14:49.639+0000] {manager.py:878} INFO - 
================================================================================
DAG File Processing Stats

File Path                            PID    Runtime      # DAGs    # Errors  Last Runtime    Last Run
-----------------------------------  -----  ---------  --------  ----------  --------------  -------------------
/opt/airflow/dags/PremierDagLake.py                           1           0  1.01s           2025-10-08T09:14:31
================================================================================
[2025-10-08T09:15:19.795+0000] {manager.py:878} INFO - 
================================================================================
DAG File Processing Stats

File Path                            PID    Runtime      # DAGs    # Errors  Last Runtime    Last Run
-----------------------------------  -----  ---------  --------  ----------  --------------  -------------------
/opt/airflow/dags/PremierDagLake.py                           1           0  1.54s           2025-10-08T09:15:03
================================================================================
[2025-10-08T09:15:46.590+0000] {manager.py:737} INFO - Searching for files in /opt/airflow/dags
[2025-10-08T09:15:46.593+0000] {manager.py:740} INFO - There are 1 files in /opt/airflow/dags
[2025-10-08T09:15:50.482+0000] {manager.py:878} INFO - 
================================================================================
DAG File Processing Stats

File Path                            PID    Runtime      # DAGs    # Errors  Last Runtime    Last Run
-----------------------------------  -----  ---------  --------  ----------  --------------  -------------------
/opt/airflow/dags/PremierDagLake.py                           1           0  1.14s           2025-10-08T09:15:34
================================================================================
[2025-10-08T09:16:20.677+0000] {manager.py:878} INFO - 
================================================================================
DAG File Processing Stats

File Path                            PID    Runtime      # DAGs    # Errors  Last Runtime    Last Run
-----------------------------------  -----  ---------  --------  ----------  --------------  -------------------
/opt/airflow/dags/PremierDagLake.py                           1           0  1.07s           2025-10-08T09:16:05
================================================================================
[2025-10-08T09:16:50.744+0000] {manager.py:878} INFO - 
================================================================================
DAG File Processing Stats

File Path                            PID    Runtime      # DAGs    # Errors  Last Runtime    Last Run
-----------------------------------  -----  ---------  --------  ----------  --------------  -------------------
/opt/airflow/dags/PremierDagLake.py                           1           0  0.92s           2025-10-08T09:16:36
================================================================================
[2025-10-08T09:17:20.974+0000] {manager.py:878} INFO - 
================================================================================
DAG File Processing Stats

File Path                            PID    Runtime      # DAGs    # Errors  Last Runtime    Last Run
-----------------------------------  -----  ---------  --------  ----------  --------------  -------------------
/opt/airflow/dags/PremierDagLake.py                           1           0  1.44s           2025-10-08T09:17:08
================================================================================
[2025-10-08T09:17:51.479+0000] {manager.py:878} INFO - 
================================================================================
DAG File Processing Stats

File Path                            PID    Runtime      # DAGs    # Errors  Last Runtime    Last Run
-----------------------------------  -----  ---------  --------  ----------  --------------  -------------------
/opt/airflow/dags/PremierDagLake.py                           1           0  1.14s           2025-10-08T09:17:39
================================================================================
[2025-10-08T09:18:21.730+0000] {manager.py:878} INFO - 
================================================================================
DAG File Processing Stats

File Path                            PID    Runtime      # DAGs    # Errors  Last Runtime    Last Run
-----------------------------------  -----  ---------  --------  ----------  --------------  -------------------
/opt/airflow/dags/PremierDagLake.py                           1           0  1.16s           2025-10-08T09:18:10
================================================================================
[2025-10-08T09:18:51.904+0000] {manager.py:878} INFO - 
================================================================================
DAG File Processing Stats

File Path                            PID    Runtime      # DAGs    # Errors  Last Runtime    Last Run
-----------------------------------  -----  ---------  --------  ----------  --------------  -------------------
/opt/airflow/dags/PremierDagLake.py                           1           0  1.34s           2025-10-08T09:18:42
================================================================================
[2025-10-08T09:19:22.352+0000] {manager.py:878} INFO - 
================================================================================
DAG File Processing Stats

File Path                            PID    Runtime      # DAGs    # Errors  Last Runtime    Last Run
-----------------------------------  -----  ---------  --------  ----------  --------------  -------------------
/opt/airflow/dags/PremierDagLake.py                           1           0  1.10s           2025-10-08T09:19:13
================================================================================
[2025-10-08T09:19:52.562+0000] {manager.py:878} INFO - 
================================================================================
DAG File Processing Stats

File Path                            PID    Runtime      # DAGs    # Errors  Last Runtime    Last Run
-----------------------------------  -----  ---------  --------  ----------  --------------  -------------------
/opt/airflow/dags/PremierDagLake.py                           1           0  1.26s           2025-10-08T09:19:44
================================================================================
[2025-10-08T09:20:22.877+0000] {manager.py:878} INFO - 
================================================================================
DAG File Processing Stats

File Path                            PID    Runtime      # DAGs    # Errors  Last Runtime    Last Run
-----------------------------------  -----  ---------  --------  ----------  --------------  -------------------
/opt/airflow/dags/PremierDagLake.py                           1           0  1.09s           2025-10-08T09:20:15
================================================================================
[2025-10-08T09:20:47.002+0000] {manager.py:737} INFO - Searching for files in /opt/airflow/dags
[2025-10-08T09:20:47.005+0000] {manager.py:740} INFO - There are 1 files in /opt/airflow/dags
[2025-10-08T09:20:53.080+0000] {manager.py:878} INFO - 
================================================================================
DAG File Processing Stats

File Path                            PID    Runtime      # DAGs    # Errors  Last Runtime    Last Run
-----------------------------------  -----  ---------  --------  ----------  --------------  -------------------
/opt/airflow/dags/PremierDagLake.py                           1           0  1.43s           2025-10-08T09:20:47
================================================================================
[2025-10-08T09:21:23.216+0000] {manager.py:878} INFO - 
================================================================================
DAG File Processing Stats

File Path                            PID    Runtime      # DAGs    # Errors  Last Runtime    Last Run
-----------------------------------  -----  ---------  --------  ----------  --------------  -------------------
/opt/airflow/dags/PremierDagLake.py                           1           0  0.90s           2025-10-08T09:21:18
================================================================================
[2025-10-08T09:21:53.612+0000] {manager.py:878} INFO - 
================================================================================
DAG File Processing Stats

File Path                            PID    Runtime      # DAGs    # Errors  Last Runtime    Last Run
-----------------------------------  -----  ---------  --------  ----------  --------------  -------------------
/opt/airflow/dags/PremierDagLake.py                           1           0  1.04s           2025-10-08T09:21:49
================================================================================
[2025-10-08T09:22:23.777+0000] {manager.py:878} INFO - 
================================================================================
DAG File Processing Stats

File Path                            PID    Runtime      # DAGs    # Errors  Last Runtime    Last Run
-----------------------------------  -----  ---------  --------  ----------  --------------  -------------------
/opt/airflow/dags/PremierDagLake.py                           1           0  1.20s           2025-10-08T09:22:20
================================================================================
[2025-10-08T09:22:53.926+0000] {manager.py:878} INFO - 
================================================================================
DAG File Processing Stats

File Path                            PID    Runtime      # DAGs    # Errors  Last Runtime    Last Run
-----------------------------------  -----  ---------  --------  ----------  --------------  -------------------
/opt/airflow/dags/PremierDagLake.py                           1           0  0.98s           2025-10-08T09:22:52
================================================================================
[2025-10-08T09:23:24.192+0000] {manager.py:878} INFO - 
================================================================================
DAG File Processing Stats

File Path                              PID  Runtime      # DAGs    # Errors  Last Runtime    Last Run
-----------------------------------  -----  ---------  --------  ----------  --------------  -------------------
/opt/airflow/dags/PremierDagLake.py    168  2.05s             1           0  0.98s           2025-10-08T09:22:52
================================================================================
[2025-10-08T09:23:54.599+0000] {manager.py:878} INFO - 
================================================================================
DAG File Processing Stats

File Path                            PID    Runtime      # DAGs    # Errors  Last Runtime    Last Run
-----------------------------------  -----  ---------  --------  ----------  --------------  -------------------
/opt/airflow/dags/PremierDagLake.py                           1           0  3.46s           2025-10-08T09:23:25
================================================================================
[2025-10-08T09:24:25.351+0000] {manager.py:878} INFO - 
================================================================================
DAG File Processing Stats

File Path                            PID    Runtime      # DAGs    # Errors  Last Runtime    Last Run
-----------------------------------  -----  ---------  --------  ----------  --------------  -------------------
/opt/airflow/dags/PremierDagLake.py                           1           0  9.12s           2025-10-08T09:24:04
================================================================================
[2025-10-08T09:24:55.767+0000] {manager.py:878} INFO - 
================================================================================
DAG File Processing Stats

File Path                            PID    Runtime      # DAGs    # Errors  Last Runtime    Last Run
-----------------------------------  -----  ---------  --------  ----------  --------------  -------------------
/opt/airflow/dags/PremierDagLake.py                           1           0  3.16s           2025-10-08T09:24:38
================================================================================
[2025-10-08T09:25:26.411+0000] {manager.py:878} INFO - 
================================================================================
DAG File Processing Stats

File Path                              PID  Runtime      # DAGs    # Errors  Last Runtime    Last Run
-----------------------------------  -----  ---------  --------  ----------  --------------  -------------------
/opt/airflow/dags/PremierDagLake.py    278  17.08s            1           0  3.16s           2025-10-08T09:24:38
================================================================================
[2025-10-08T09:26:14.693+0000] {manager.py:737} INFO - Searching for files in /opt/airflow/dags
[2025-10-08T09:26:14.903+0000] {manager.py:740} INFO - There are 1 files in /opt/airflow/dags
[2025-10-08T09:26:15.433+0000] {manager.py:1203} ERROR - Processor for /opt/airflow/dags/PremierDagLake.py with PID 278 started at 2025-10-08T09:25:09.209695+00:00 has timed out, killing it.
[2025-10-08T09:26:15.791+0000] {manager.py:878} INFO - 
================================================================================
DAG File Processing Stats

File Path                            PID    Runtime      # DAGs    # Errors  Last Runtime    Last Run
-----------------------------------  -----  ---------  --------  ----------  --------------  -------------------
/opt/airflow/dags/PremierDagLake.py                           0           1  66.22s          2025-10-08T09:26:15
================================================================================
[2025-10-08T09:26:46.541+0000] {manager.py:878} INFO - 
================================================================================
DAG File Processing Stats

File Path                              PID  Runtime      # DAGs    # Errors  Last Runtime    Last Run
-----------------------------------  -----  ---------  --------  ----------  --------------  -------------------
/opt/airflow/dags/PremierDagLake.py    281  0.22s             0           1  66.22s          2025-10-08T09:26:15
================================================================================
[2025-10-08T09:27:17.287+0000] {manager.py:878} INFO - 
================================================================================
DAG File Processing Stats

File Path                              PID  Runtime      # DAGs    # Errors  Last Runtime    Last Run
-----------------------------------  -----  ---------  --------  ----------  --------------  -------------------
/opt/airflow/dags/PremierDagLake.py    281  31.15s            0           1  66.22s          2025-10-08T09:26:15
================================================================================
[2025-10-08T09:27:38.550+0000] {manager.py:1203} ERROR - Processor for /opt/airflow/dags/PremierDagLake.py with PID 281 started at 2025-10-08T09:26:46.082706+00:00 has timed out, killing it.
[2025-10-08T09:27:52.597+0000] {manager.py:878} INFO - 
================================================================================
DAG File Processing Stats

File Path                            PID    Runtime      # DAGs    # Errors  Last Runtime    Last Run
-----------------------------------  -----  ---------  --------  ----------  --------------  -------------------
/opt/airflow/dags/PremierDagLake.py                           0           1  51.65s          2025-10-08T09:27:37
================================================================================
[2025-10-08T09:28:22.869+0000] {manager.py:878} INFO - 
================================================================================
DAG File Processing Stats

File Path                              PID  Runtime      # DAGs    # Errors  Last Runtime    Last Run
-----------------------------------  -----  ---------  --------  ----------  --------------  -------------------
/opt/airflow/dags/PremierDagLake.py    282  14.74s            0           1  51.65s          2025-10-08T09:27:37
================================================================================
[2025-10-08T09:28:58.486+0000] {manager.py:1203} ERROR - Processor for /opt/airflow/dags/PremierDagLake.py with PID 282 started at 2025-10-08T09:28:08.129271+00:00 has timed out, killing it.
[2025-10-08T09:29:06.144+0000] {manager.py:878} INFO - 
================================================================================
DAG File Processing Stats

File Path                            PID    Runtime      # DAGs    # Errors  Last Runtime    Last Run
-----------------------------------  -----  ---------  --------  ----------  --------------  -------------------
/opt/airflow/dags/PremierDagLake.py                           0           1  50.35s          2025-10-08T09:28:58
================================================================================
[2025-10-08T09:29:37.814+0000] {manager.py:878} INFO - 
================================================================================
DAG File Processing Stats

File Path                              PID  Runtime      # DAGs    # Errors  Last Runtime    Last Run
-----------------------------------  -----  ---------  --------  ----------  --------------  -------------------
/opt/airflow/dags/PremierDagLake.py    287  8.64s             0           1  50.35s          2025-10-08T09:28:58
================================================================================
[2025-10-08T10:52:12.317+0000] {manager.py:470} INFO - Processing files using up to 2 processes at a time 
[2025-10-08T10:52:12.319+0000] {manager.py:471} INFO - Process each file at most once every 30 seconds
[2025-10-08T10:52:12.320+0000] {manager.py:472} INFO - Checking for new files in /opt/airflow/dags every 300 seconds
[2025-10-08T10:52:12.322+0000] {manager.py:737} INFO - Searching for files in /opt/airflow/dags
[2025-10-08T10:52:12.327+0000] {manager.py:740} INFO - There are 1 files in /opt/airflow/dags
[2025-10-08T10:52:12.599+0000] {manager.py:878} INFO - 
================================================================================
DAG File Processing Stats

File Path                              PID  Runtime      # DAGs    # Errors  Last Runtime    Last Run
-----------------------------------  -----  ---------  --------  ----------  --------------  ----------
/opt/airflow/dags/PremierDagLake.py     28  0.10s             0           0
================================================================================
[2025-10-08T10:52:42.750+0000] {manager.py:878} INFO - 
================================================================================
DAG File Processing Stats

File Path                            PID    Runtime      # DAGs    # Errors  Last Runtime    Last Run
-----------------------------------  -----  ---------  --------  ----------  --------------  -------------------
/opt/airflow/dags/PremierDagLake.py                           1           0  3.17s           2025-10-08T10:52:15
================================================================================
[2025-10-08T10:53:12.946+0000] {manager.py:878} INFO - 
================================================================================
DAG File Processing Stats

File Path                            PID    Runtime      # DAGs    # Errors  Last Runtime    Last Run
-----------------------------------  -----  ---------  --------  ----------  --------------  -------------------
/opt/airflow/dags/PremierDagLake.py                           1           0  1.36s           2025-10-08T10:52:47
================================================================================
[2025-10-08T10:53:43.400+0000] {manager.py:878} INFO - 
================================================================================
DAG File Processing Stats

File Path                            PID    Runtime      # DAGs    # Errors  Last Runtime    Last Run
-----------------------------------  -----  ---------  --------  ----------  --------------  -------------------
/opt/airflow/dags/PremierDagLake.py                           1           0  1.16s           2025-10-08T10:53:18
================================================================================
[2025-10-08T10:54:13.699+0000] {manager.py:878} INFO - 
================================================================================
DAG File Processing Stats

File Path                            PID    Runtime      # DAGs    # Errors  Last Runtime    Last Run
-----------------------------------  -----  ---------  --------  ----------  --------------  -------------------
/opt/airflow/dags/PremierDagLake.py                           1           0  1.06s           2025-10-08T10:53:49
================================================================================
[2025-10-08T10:54:44.051+0000] {manager.py:878} INFO - 
================================================================================
DAG File Processing Stats

File Path                            PID    Runtime      # DAGs    # Errors  Last Runtime    Last Run
-----------------------------------  -----  ---------  --------  ----------  --------------  -------------------
/opt/airflow/dags/PremierDagLake.py                           1           0  1.49s           2025-10-08T10:54:21
================================================================================
[2025-10-08T10:55:14.164+0000] {manager.py:878} INFO - 
================================================================================
DAG File Processing Stats

File Path                            PID    Runtime      # DAGs    # Errors  Last Runtime    Last Run
-----------------------------------  -----  ---------  --------  ----------  --------------  -------------------
/opt/airflow/dags/PremierDagLake.py                           1           0  2.51s           2025-10-08T10:54:53
================================================================================
[2025-10-08T10:55:44.324+0000] {manager.py:878} INFO - 
================================================================================
DAG File Processing Stats

File Path                            PID    Runtime      # DAGs    # Errors  Last Runtime    Last Run
-----------------------------------  -----  ---------  --------  ----------  --------------  -------------------
/opt/airflow/dags/PremierDagLake.py                           1           0  1.21s           2025-10-08T10:55:25
================================================================================
[2025-10-08T10:56:14.456+0000] {manager.py:878} INFO - 
================================================================================
DAG File Processing Stats

File Path                            PID    Runtime      # DAGs    # Errors  Last Runtime    Last Run
-----------------------------------  -----  ---------  --------  ----------  --------------  -------------------
/opt/airflow/dags/PremierDagLake.py                           1           0  0.88s           2025-10-08T10:55:56
================================================================================
[2025-10-08T10:56:44.632+0000] {manager.py:878} INFO - 
================================================================================
DAG File Processing Stats

File Path                            PID    Runtime      # DAGs    # Errors  Last Runtime    Last Run
-----------------------------------  -----  ---------  --------  ----------  --------------  -------------------
/opt/airflow/dags/PremierDagLake.py                           1           0  1.20s           2025-10-08T10:56:27
================================================================================
[2025-10-08T10:57:12.751+0000] {manager.py:737} INFO - Searching for files in /opt/airflow/dags
[2025-10-08T10:57:12.753+0000] {manager.py:740} INFO - There are 1 files in /opt/airflow/dags
[2025-10-08T10:57:14.775+0000] {manager.py:878} INFO - 
================================================================================
DAG File Processing Stats

File Path                            PID    Runtime      # DAGs    # Errors  Last Runtime    Last Run
-----------------------------------  -----  ---------  --------  ----------  --------------  -------------------
/opt/airflow/dags/PremierDagLake.py                           1           0  0.86s           2025-10-08T10:56:58
================================================================================
[2025-10-08T10:57:44.908+0000] {manager.py:878} INFO - 
================================================================================
DAG File Processing Stats

File Path                            PID    Runtime      # DAGs    # Errors  Last Runtime    Last Run
-----------------------------------  -----  ---------  --------  ----------  --------------  -------------------
/opt/airflow/dags/PremierDagLake.py                           1           0  0.82s           2025-10-08T10:57:29
================================================================================
[2025-10-08T10:58:15.028+0000] {manager.py:878} INFO - 
================================================================================
DAG File Processing Stats

File Path                            PID    Runtime      # DAGs    # Errors  Last Runtime    Last Run
-----------------------------------  -----  ---------  --------  ----------  --------------  -------------------
/opt/airflow/dags/PremierDagLake.py                           1           0  0.97s           2025-10-08T10:58:00
================================================================================
[2025-10-08T10:58:45.153+0000] {manager.py:878} INFO - 
================================================================================
DAG File Processing Stats

File Path                            PID    Runtime      # DAGs    # Errors  Last Runtime    Last Run
-----------------------------------  -----  ---------  --------  ----------  --------------  -------------------
/opt/airflow/dags/PremierDagLake.py                           1           0  0.83s           2025-10-08T10:58:31
================================================================================
[2025-10-08T10:59:15.285+0000] {manager.py:878} INFO - 
================================================================================
DAG File Processing Stats

File Path                            PID    Runtime      # DAGs    # Errors  Last Runtime    Last Run
-----------------------------------  -----  ---------  --------  ----------  --------------  -------------------
/opt/airflow/dags/PremierDagLake.py                           1           0  0.89s           2025-10-08T10:59:02
================================================================================
[2025-10-08T10:59:21.893+0000] {manager.py:452} INFO - Exiting gracefully upon receiving signal 15
[2025-10-30T11:37:47.877+0000] {manager.py:470} INFO - Processing files using up to 2 processes at a time 
[2025-10-30T11:37:47.879+0000] {manager.py:471} INFO - Process each file at most once every 30 seconds
[2025-10-30T11:37:47.880+0000] {manager.py:472} INFO - Checking for new files in /opt/airflow/dags every 300 seconds
[2025-10-30T11:37:47.881+0000] {manager.py:737} INFO - Searching for files in /opt/airflow/dags
[2025-10-30T11:37:47.885+0000] {manager.py:740} INFO - There are 1 files in /opt/airflow/dags
[2025-10-30T11:37:48.143+0000] {manager.py:878} INFO - 
================================================================================
DAG File Processing Stats

File Path                              PID  Runtime      # DAGs    # Errors  Last Runtime    Last Run
-----------------------------------  -----  ---------  --------  ----------  --------------  ----------
/opt/airflow/dags/PremierDagLake.py     29  0.08s             0           0
================================================================================
[2025-10-30T11:38:18.300+0000] {manager.py:878} INFO - 
================================================================================
DAG File Processing Stats

File Path                            PID    Runtime      # DAGs    # Errors  Last Runtime    Last Run
-----------------------------------  -----  ---------  --------  ----------  --------------  -------------------
/opt/airflow/dags/PremierDagLake.py                           1           0  3.17s           2025-10-30T11:37:51
================================================================================
[2025-10-30T11:38:48.462+0000] {manager.py:878} INFO - 
================================================================================
DAG File Processing Stats

File Path                            PID    Runtime      # DAGs    # Errors  Last Runtime    Last Run
-----------------------------------  -----  ---------  --------  ----------  --------------  -------------------
/opt/airflow/dags/PremierDagLake.py                           1           0  1.04s           2025-10-30T11:38:22
================================================================================
[2025-10-30T11:39:18.615+0000] {manager.py:878} INFO - 
================================================================================
DAG File Processing Stats

File Path                            PID    Runtime      # DAGs    # Errors  Last Runtime    Last Run
-----------------------------------  -----  ---------  --------  ----------  --------------  -------------------
/opt/airflow/dags/PremierDagLake.py                           1           0  1.01s           2025-10-30T11:38:53
================================================================================
[2025-10-30T11:39:48.782+0000] {manager.py:878} INFO - 
================================================================================
DAG File Processing Stats

File Path                            PID    Runtime      # DAGs    # Errors  Last Runtime    Last Run
-----------------------------------  -----  ---------  --------  ----------  --------------  -------------------
/opt/airflow/dags/PremierDagLake.py                           1           0  1.09s           2025-10-30T11:39:24
================================================================================
[2025-10-30T11:40:18.962+0000] {manager.py:878} INFO - 
================================================================================
DAG File Processing Stats

File Path                            PID    Runtime      # DAGs    # Errors  Last Runtime    Last Run
-----------------------------------  -----  ---------  --------  ----------  --------------  -------------------
/opt/airflow/dags/PremierDagLake.py                           1           0  0.84s           2025-10-30T11:39:55
================================================================================
[2025-10-30T11:40:49.108+0000] {manager.py:878} INFO - 
================================================================================
DAG File Processing Stats

File Path                            PID    Runtime      # DAGs    # Errors  Last Runtime    Last Run
-----------------------------------  -----  ---------  --------  ----------  --------------  -------------------
/opt/airflow/dags/PremierDagLake.py                           1           0  1.25s           2025-10-30T11:40:27
================================================================================
[2025-10-30T11:41:19.274+0000] {manager.py:878} INFO - 
================================================================================
DAG File Processing Stats

File Path                            PID    Runtime      # DAGs    # Errors  Last Runtime    Last Run
-----------------------------------  -----  ---------  --------  ----------  --------------  -------------------
/opt/airflow/dags/PremierDagLake.py                           1           0  1.11s           2025-10-30T11:40:58
================================================================================
[2025-10-30T11:41:49.499+0000] {manager.py:878} INFO - 
================================================================================
DAG File Processing Stats

File Path                            PID    Runtime      # DAGs    # Errors  Last Runtime    Last Run
-----------------------------------  -----  ---------  --------  ----------  --------------  -------------------
/opt/airflow/dags/PremierDagLake.py                           1           0  1.24s           2025-10-30T11:41:29
================================================================================
[2025-10-30T11:42:19.628+0000] {manager.py:878} INFO - 
================================================================================
DAG File Processing Stats

File Path                            PID    Runtime      # DAGs    # Errors  Last Runtime    Last Run
-----------------------------------  -----  ---------  --------  ----------  --------------  -------------------
/opt/airflow/dags/PremierDagLake.py                           1           0  0.85s           2025-10-30T11:42:00
================================================================================
[2025-10-30T11:42:47.905+0000] {manager.py:737} INFO - Searching for files in /opt/airflow/dags
[2025-10-30T11:42:47.908+0000] {manager.py:740} INFO - There are 1 files in /opt/airflow/dags
[2025-10-30T11:42:49.933+0000] {manager.py:878} INFO - 
================================================================================
DAG File Processing Stats

File Path                            PID    Runtime      # DAGs    # Errors  Last Runtime    Last Run
-----------------------------------  -----  ---------  --------  ----------  --------------  -------------------
/opt/airflow/dags/PremierDagLake.py                           1           0  1.17s           2025-10-30T11:42:31
================================================================================
[2025-10-30T11:43:20.006+0000] {manager.py:878} INFO - 
================================================================================
DAG File Processing Stats

File Path                            PID    Runtime      # DAGs    # Errors  Last Runtime    Last Run
-----------------------------------  -----  ---------  --------  ----------  --------------  -------------------
/opt/airflow/dags/PremierDagLake.py                           1           0  0.93s           2025-10-30T11:43:02
================================================================================
[2025-10-30T11:43:50.200+0000] {manager.py:878} INFO - 
================================================================================
DAG File Processing Stats

File Path                            PID    Runtime      # DAGs    # Errors  Last Runtime    Last Run
-----------------------------------  -----  ---------  --------  ----------  --------------  -------------------
/opt/airflow/dags/PremierDagLake.py                           1           0  0.82s           2025-10-30T11:43:33
================================================================================
[2025-10-30T11:44:21.127+0000] {manager.py:878} INFO - 
================================================================================
DAG File Processing Stats

File Path                            PID    Runtime      # DAGs    # Errors  Last Runtime    Last Run
-----------------------------------  -----  ---------  --------  ----------  --------------  -------------------
/opt/airflow/dags/PremierDagLake.py                           1           0  1.07s           2025-10-30T11:44:05
================================================================================
[2025-10-30T11:44:51.299+0000] {manager.py:878} INFO - 
================================================================================
DAG File Processing Stats

File Path                            PID    Runtime      # DAGs    # Errors  Last Runtime    Last Run
-----------------------------------  -----  ---------  --------  ----------  --------------  -------------------
/opt/airflow/dags/PremierDagLake.py                           1           0  1.03s           2025-10-30T11:44:36
================================================================================
[2025-10-30T11:45:21.548+0000] {manager.py:878} INFO - 
================================================================================
DAG File Processing Stats

File Path                            PID    Runtime      # DAGs    # Errors  Last Runtime    Last Run
-----------------------------------  -----  ---------  --------  ----------  --------------  -------------------
/opt/airflow/dags/PremierDagLake.py                           1           0  3.40s           2025-10-30T11:45:09
================================================================================
[2025-10-30T11:45:51.690+0000] {manager.py:878} INFO - 
================================================================================
DAG File Processing Stats

File Path                            PID    Runtime      # DAGs    # Errors  Last Runtime    Last Run
-----------------------------------  -----  ---------  --------  ----------  --------------  -------------------
/opt/airflow/dags/PremierDagLake.py                           1           0  0.86s           2025-10-30T11:45:40
================================================================================
[2025-10-30T11:46:21.830+0000] {manager.py:878} INFO - 
================================================================================
DAG File Processing Stats

File Path                            PID    Runtime      # DAGs    # Errors  Last Runtime    Last Run
-----------------------------------  -----  ---------  --------  ----------  --------------  -------------------
/opt/airflow/dags/PremierDagLake.py                           1           0  0.87s           2025-10-30T11:46:11
================================================================================
[2025-10-30T11:46:51.983+0000] {manager.py:878} INFO - 
================================================================================
DAG File Processing Stats

File Path                            PID    Runtime      # DAGs    # Errors  Last Runtime    Last Run
-----------------------------------  -----  ---------  --------  ----------  --------------  -------------------
/opt/airflow/dags/PremierDagLake.py                           1           0  0.85s           2025-10-30T11:46:42
================================================================================
[2025-10-30T11:47:22.103+0000] {manager.py:878} INFO - 
================================================================================
DAG File Processing Stats

File Path                            PID    Runtime      # DAGs    # Errors  Last Runtime    Last Run
-----------------------------------  -----  ---------  --------  ----------  --------------  -------------------
/opt/airflow/dags/PremierDagLake.py                           1           0  0.83s           2025-10-30T11:47:13
================================================================================
[2025-10-30T11:47:48.204+0000] {manager.py:737} INFO - Searching for files in /opt/airflow/dags
[2025-10-30T11:47:48.206+0000] {manager.py:740} INFO - There are 1 files in /opt/airflow/dags
[2025-10-30T11:47:52.239+0000] {manager.py:878} INFO - 
================================================================================
DAG File Processing Stats

File Path                            PID    Runtime      # DAGs    # Errors  Last Runtime    Last Run
-----------------------------------  -----  ---------  --------  ----------  --------------  -------------------
/opt/airflow/dags/PremierDagLake.py                           1           0  0.91s           2025-10-30T11:47:44
================================================================================
[2025-10-30T11:48:22.360+0000] {manager.py:878} INFO - 
================================================================================
DAG File Processing Stats

File Path                            PID    Runtime      # DAGs    # Errors  Last Runtime    Last Run
-----------------------------------  -----  ---------  --------  ----------  --------------  -------------------
/opt/airflow/dags/PremierDagLake.py                           1           0  0.85s           2025-10-30T11:48:15
================================================================================
[2025-10-30T11:48:52.926+0000] {manager.py:878} INFO - 
================================================================================
DAG File Processing Stats

File Path                            PID    Runtime      # DAGs    # Errors  Last Runtime    Last Run
-----------------------------------  -----  ---------  --------  ----------  --------------  -------------------
/opt/airflow/dags/PremierDagLake.py                           1           0  1.08s           2025-10-30T11:48:46
================================================================================
[2025-10-30T11:49:23.106+0000] {manager.py:878} INFO - 
================================================================================
DAG File Processing Stats

File Path                            PID    Runtime      # DAGs    # Errors  Last Runtime    Last Run
-----------------------------------  -----  ---------  --------  ----------  --------------  -------------------
/opt/airflow/dags/PremierDagLake.py                           1           0  0.85s           2025-10-30T11:49:17
================================================================================
[2025-10-30T11:49:53.225+0000] {manager.py:878} INFO - 
================================================================================
DAG File Processing Stats

File Path                            PID    Runtime      # DAGs    # Errors  Last Runtime    Last Run
-----------------------------------  -----  ---------  --------  ----------  --------------  -------------------
/opt/airflow/dags/PremierDagLake.py                           1           0  0.85s           2025-10-30T11:49:48
================================================================================
[2025-10-30T11:50:23.343+0000] {manager.py:878} INFO - 
================================================================================
DAG File Processing Stats

File Path                            PID    Runtime      # DAGs    # Errors  Last Runtime    Last Run
-----------------------------------  -----  ---------  --------  ----------  --------------  -------------------
/opt/airflow/dags/PremierDagLake.py                           1           0  0.99s           2025-10-30T11:50:19
================================================================================
[2025-10-30T11:50:53.463+0000] {manager.py:878} INFO - 
================================================================================
DAG File Processing Stats

File Path                            PID    Runtime      # DAGs    # Errors  Last Runtime    Last Run
-----------------------------------  -----  ---------  --------  ----------  --------------  -------------------
/opt/airflow/dags/PremierDagLake.py                           1           0  0.86s           2025-10-30T11:50:50
================================================================================
[2025-10-30T11:51:23.582+0000] {manager.py:878} INFO - 
================================================================================
DAG File Processing Stats

File Path                            PID    Runtime      # DAGs    # Errors  Last Runtime    Last Run
-----------------------------------  -----  ---------  --------  ----------  --------------  -------------------
/opt/airflow/dags/PremierDagLake.py                           1           0  0.82s           2025-10-30T11:51:21
================================================================================
[2025-10-30T11:51:53.721+0000] {manager.py:878} INFO - 
================================================================================
DAG File Processing Stats

File Path                            PID    Runtime      # DAGs    # Errors  Last Runtime    Last Run
-----------------------------------  -----  ---------  --------  ----------  --------------  -------------------
/opt/airflow/dags/PremierDagLake.py                           1           0  1.00s           2025-10-30T11:51:53
================================================================================
[2025-10-30T11:52:23.845+0000] {manager.py:878} INFO - 
================================================================================
DAG File Processing Stats

File Path                              PID  Runtime      # DAGs    # Errors  Last Runtime    Last Run
-----------------------------------  -----  ---------  --------  ----------  --------------  -------------------
/opt/airflow/dags/PremierDagLake.py     85  0.70s             1           0  1.00s           2025-10-30T11:51:53
================================================================================
[2025-10-30T11:52:48.957+0000] {manager.py:737} INFO - Searching for files in /opt/airflow/dags
[2025-10-30T11:52:48.960+0000] {manager.py:740} INFO - There are 1 files in /opt/airflow/dags
[2025-10-30T11:52:54.000+0000] {manager.py:878} INFO - 
================================================================================
DAG File Processing Stats

File Path                            PID    Runtime      # DAGs    # Errors  Last Runtime    Last Run
-----------------------------------  -----  ---------  --------  ----------  --------------  -------------------
/opt/airflow/dags/PremierDagLake.py                           1           0  0.95s           2025-10-30T11:52:24
================================================================================
[2025-10-30T11:53:24.148+0000] {manager.py:878} INFO - 
================================================================================
DAG File Processing Stats

File Path                            PID    Runtime      # DAGs    # Errors  Last Runtime    Last Run
-----------------------------------  -----  ---------  --------  ----------  --------------  -------------------
/opt/airflow/dags/PremierDagLake.py                           1           0  0.96s           2025-10-30T11:52:55
================================================================================
[2025-10-30T11:53:54.475+0000] {manager.py:878} INFO - 
================================================================================
DAG File Processing Stats

File Path                            PID    Runtime      # DAGs    # Errors  Last Runtime    Last Run
-----------------------------------  -----  ---------  --------  ----------  --------------  -------------------
/opt/airflow/dags/PremierDagLake.py                           1           0  1.25s           2025-10-30T11:53:26
================================================================================
[2025-10-30T11:54:24.848+0000] {manager.py:878} INFO - 
================================================================================
DAG File Processing Stats

File Path                            PID    Runtime      # DAGs    # Errors  Last Runtime    Last Run
-----------------------------------  -----  ---------  --------  ----------  --------------  -------------------
/opt/airflow/dags/PremierDagLake.py                           1           0  1.02s           2025-10-30T11:53:57
================================================================================
[2025-10-30T11:54:54.925+0000] {manager.py:878} INFO - 
================================================================================
DAG File Processing Stats

File Path                            PID    Runtime      # DAGs    # Errors  Last Runtime    Last Run
-----------------------------------  -----  ---------  --------  ----------  --------------  -------------------
/opt/airflow/dags/PremierDagLake.py                           1           0  0.93s           2025-10-30T11:54:28
================================================================================
[2025-10-30T11:55:25.133+0000] {manager.py:878} INFO - 
================================================================================
DAG File Processing Stats

File Path                            PID    Runtime      # DAGs    # Errors  Last Runtime    Last Run
-----------------------------------  -----  ---------  --------  ----------  --------------  -------------------
/opt/airflow/dags/PremierDagLake.py                           1           0  1.37s           2025-10-30T11:55:00
================================================================================
[2025-10-30T11:55:55.617+0000] {manager.py:878} INFO - 
================================================================================
DAG File Processing Stats

File Path                            PID    Runtime      # DAGs    # Errors  Last Runtime    Last Run
-----------------------------------  -----  ---------  --------  ----------  --------------  -------------------
/opt/airflow/dags/PremierDagLake.py                           1           0  2.19s           2025-10-30T11:55:32
================================================================================
[2025-10-30T11:56:25.988+0000] {manager.py:878} INFO - 
================================================================================
DAG File Processing Stats

File Path                            PID    Runtime      # DAGs    # Errors  Last Runtime    Last Run
-----------------------------------  -----  ---------  --------  ----------  --------------  -------------------
/opt/airflow/dags/PremierDagLake.py                           1           0  3.32s           2025-10-30T11:56:06
================================================================================
[2025-10-30T11:56:56.091+0000] {manager.py:878} INFO - 
================================================================================
DAG File Processing Stats

File Path                            PID    Runtime      # DAGs    # Errors  Last Runtime    Last Run
-----------------------------------  -----  ---------  --------  ----------  --------------  -------------------
/opt/airflow/dags/PremierDagLake.py                           1           0  2.86s           2025-10-30T11:56:38
================================================================================
[2025-10-30T11:57:26.626+0000] {manager.py:878} INFO - 
================================================================================
DAG File Processing Stats

File Path                            PID    Runtime      # DAGs    # Errors  Last Runtime    Last Run
-----------------------------------  -----  ---------  --------  ----------  --------------  -------------------
/opt/airflow/dags/PremierDagLake.py                           1           0  6.27s           2025-10-30T11:57:15
================================================================================
[2025-10-30T12:02:25.817+0000] {manager.py:470} INFO - Processing files using up to 2 processes at a time 
[2025-10-30T12:02:25.820+0000] {manager.py:471} INFO - Process each file at most once every 30 seconds
[2025-10-30T12:02:25.821+0000] {manager.py:472} INFO - Checking for new files in /opt/airflow/dags every 300 seconds
[2025-10-30T12:02:25.823+0000] {manager.py:737} INFO - Searching for files in /opt/airflow/dags
[2025-10-30T12:02:25.831+0000] {manager.py:740} INFO - There are 1 files in /opt/airflow/dags
[2025-10-30T12:02:26.396+0000] {manager.py:878} INFO - 
================================================================================
DAG File Processing Stats

File Path                              PID  Runtime      # DAGs    # Errors  Last Runtime    Last Run
-----------------------------------  -----  ---------  --------  ----------  --------------  ----------
/opt/airflow/dags/PremierDagLake.py     30  0.18s             0           0
================================================================================
[2025-10-30T12:02:57.215+0000] {manager.py:878} INFO - 
================================================================================
DAG File Processing Stats

File Path                            PID    Runtime      # DAGs    # Errors  Last Runtime    Last Run
-----------------------------------  -----  ---------  --------  ----------  --------------  -------------------
/opt/airflow/dags/PremierDagLake.py                           1           0  7.50s           2025-10-30T12:02:33
================================================================================
[2025-10-30T12:03:32.551+0000] {manager.py:878} INFO - 
================================================================================
DAG File Processing Stats

File Path                              PID  Runtime      # DAGs    # Errors  Last Runtime    Last Run
-----------------------------------  -----  ---------  --------  ----------  --------------  -------------------
/opt/airflow/dags/PremierDagLake.py     32  27.90s            1           0  7.50s           2025-10-30T12:02:33
================================================================================
[2025-10-30T12:04:49.609+0000] {manager.py:1203} ERROR - Processor for /opt/airflow/dags/PremierDagLake.py with PID 32 started at 2025-10-30T12:03:04.612385+00:00 has timed out, killing it.
[2025-10-30T12:04:49.734+0000] {manager.py:878} INFO - 
================================================================================
DAG File Processing Stats

File Path                            PID    Runtime      # DAGs    # Errors  Last Runtime    Last Run
-----------------------------------  -----  ---------  --------  ----------  --------------  -------------------
/opt/airflow/dags/PremierDagLake.py                           0           1  104.95s         2025-10-30T12:04:49
================================================================================
[2025-10-30T12:05:19.915+0000] {manager.py:878} INFO - 
================================================================================
DAG File Processing Stats

File Path                              PID  Runtime      # DAGs    # Errors  Last Runtime    Last Run
-----------------------------------  -----  ---------  --------  ----------  --------------  -------------------
/opt/airflow/dags/PremierDagLake.py     34  0.02s             0           1  104.95s         2025-10-30T12:04:49
================================================================================
[2025-10-30T12:05:50.093+0000] {manager.py:878} INFO - 
================================================================================
DAG File Processing Stats

File Path                            PID    Runtime      # DAGs    # Errors  Last Runtime    Last Run
-----------------------------------  -----  ---------  --------  ----------  --------------  -------------------
/opt/airflow/dags/PremierDagLake.py                           1           0  1.45s           2025-10-30T12:05:21
================================================================================
[2025-10-30T12:06:20.268+0000] {manager.py:878} INFO - 
================================================================================
DAG File Processing Stats

File Path                            PID    Runtime      # DAGs    # Errors  Last Runtime    Last Run
-----------------------------------  -----  ---------  --------  ----------  --------------  -------------------
/opt/airflow/dags/PremierDagLake.py                           1           0  1.82s           2025-10-30T12:05:53
================================================================================
[2025-10-30T12:06:50.345+0000] {manager.py:878} INFO - 
================================================================================
DAG File Processing Stats

File Path                            PID    Runtime      # DAGs    # Errors  Last Runtime    Last Run
-----------------------------------  -----  ---------  --------  ----------  --------------  -------------------
/opt/airflow/dags/PremierDagLake.py                           1           0  1.76s           2025-10-30T12:06:25
================================================================================
[2025-10-30T12:07:20.755+0000] {manager.py:878} INFO - 
================================================================================
DAG File Processing Stats

File Path                            PID    Runtime      # DAGs    # Errors  Last Runtime    Last Run
-----------------------------------  -----  ---------  --------  ----------  --------------  -------------------
/opt/airflow/dags/PremierDagLake.py                           1           0  1.52s           2025-10-30T12:06:56
================================================================================
[2025-10-30T12:07:26.042+0000] {manager.py:737} INFO - Searching for files in /opt/airflow/dags
[2025-10-30T12:07:26.045+0000] {manager.py:740} INFO - There are 1 files in /opt/airflow/dags
[2025-10-30T12:07:51.196+0000] {manager.py:878} INFO - 
================================================================================
DAG File Processing Stats

File Path                            PID    Runtime      # DAGs    # Errors  Last Runtime    Last Run
-----------------------------------  -----  ---------  --------  ----------  --------------  -------------------
/opt/airflow/dags/PremierDagLake.py                           1           0  1.48s           2025-10-30T12:07:28
================================================================================
[2025-10-30T12:08:21.421+0000] {manager.py:878} INFO - 
================================================================================
DAG File Processing Stats

File Path                            PID    Runtime      # DAGs    # Errors  Last Runtime    Last Run
-----------------------------------  -----  ---------  --------  ----------  --------------  -------------------
/opt/airflow/dags/PremierDagLake.py                           1           0  1.57s           2025-10-30T12:08:00
================================================================================
[2025-10-30T12:08:52.067+0000] {manager.py:878} INFO - 
================================================================================
DAG File Processing Stats

File Path                            PID    Runtime      # DAGs    # Errors  Last Runtime    Last Run
-----------------------------------  -----  ---------  --------  ----------  --------------  -------------------
/opt/airflow/dags/PremierDagLake.py                           1           0  6.15s           2025-10-30T12:08:36
================================================================================
[2025-10-30T12:09:35.522+0000] {manager.py:878} INFO - 
================================================================================
DAG File Processing Stats

File Path                              PID  Runtime      # DAGs    # Errors  Last Runtime    Last Run
-----------------------------------  -----  ---------  --------  ----------  --------------  -------------------
/opt/airflow/dags/PremierDagLake.py     48  28.48s            1           0  6.15s           2025-10-30T12:08:36
================================================================================
[2025-11-03T09:56:59.342+0000] {manager.py:470} INFO - Processing files using up to 2 processes at a time 
[2025-11-03T09:56:59.344+0000] {manager.py:471} INFO - Process each file at most once every 30 seconds
[2025-11-03T09:56:59.346+0000] {manager.py:472} INFO - Checking for new files in /opt/airflow/dags every 300 seconds
[2025-11-03T09:56:59.347+0000] {manager.py:737} INFO - Searching for files in /opt/airflow/dags
[2025-11-03T09:56:59.350+0000] {manager.py:740} INFO - There are 1 files in /opt/airflow/dags
[2025-11-03T09:56:59.619+0000] {manager.py:878} INFO - 
================================================================================
DAG File Processing Stats

File Path                              PID  Runtime      # DAGs    # Errors  Last Runtime    Last Run
-----------------------------------  -----  ---------  --------  ----------  --------------  ----------
/opt/airflow/dags/PremierDagLake.py     29  0.09s             0           0
================================================================================
[2025-11-03T09:57:29.786+0000] {manager.py:878} INFO - 
================================================================================
DAG File Processing Stats

File Path                            PID    Runtime      # DAGs    # Errors  Last Runtime    Last Run
-----------------------------------  -----  ---------  --------  ----------  --------------  -------------------
/opt/airflow/dags/PremierDagLake.py                           1           0  2.90s           2025-11-03T09:57:02
================================================================================
[2025-11-03T09:57:59.937+0000] {manager.py:878} INFO - 
================================================================================
DAG File Processing Stats

File Path                            PID    Runtime      # DAGs    # Errors  Last Runtime    Last Run
-----------------------------------  -----  ---------  --------  ----------  --------------  -------------------
/opt/airflow/dags/PremierDagLake.py                           1           0  1.31s           2025-11-03T09:57:33
================================================================================
[2025-11-03T09:58:30.185+0000] {manager.py:878} INFO - 
================================================================================
DAG File Processing Stats

File Path                            PID    Runtime      # DAGs    # Errors  Last Runtime    Last Run
-----------------------------------  -----  ---------  --------  ----------  --------------  -------------------
/opt/airflow/dags/PremierDagLake.py                           1           0  1.23s           2025-11-03T09:58:05
================================================================================
[2025-11-03T09:59:00.193+0000] {manager.py:878} INFO - 
================================================================================
DAG File Processing Stats

File Path                            PID    Runtime      # DAGs    # Errors  Last Runtime    Last Run
-----------------------------------  -----  ---------  --------  ----------  --------------  -------------------
/opt/airflow/dags/PremierDagLake.py                           1           0  0.88s           2025-11-03T09:58:36
================================================================================
[2025-11-03T09:59:30.197+0000] {manager.py:878} INFO - 
================================================================================
DAG File Processing Stats

File Path                            PID    Runtime      # DAGs    # Errors  Last Runtime    Last Run
-----------------------------------  -----  ---------  --------  ----------  --------------  -------------------
/opt/airflow/dags/PremierDagLake.py                           1           0  0.87s           2025-11-03T09:59:07
================================================================================
[2025-11-03T09:59:45.439+0000] {manager.py:452} INFO - Exiting gracefully upon receiving signal 15
